1.666666667,2,2,0,1,1
1,1,5,0,1,2
1,1,6,0,1,3
1,1,5,0,1,4
1,1,4,0,1,5
1,1,1,0,1,6
1,1,1,0,1,7
1,1,1,1,1,8
1,1,3,1,1,9
1,2.5,6,1,1,10
3,1,5,1,1,11
3.333333333,3.5,4,1,1,12
3.333333333,3.5,7,1,1,13
4,4,6,1,1,14
4.333333333,3.5,3,0,2,1
4,4.5,3,0,2,2
4.666666667,5,6,0,2,3
4.666666667,5,5,0,2,4
5.333333333,2.5,2,0,2,5
4.333333333,5,5,0,2,6
4.666666667,2,1,0,2,7
4.666666667,1,2,1,2,8
3,1,1,1,2,9
3.333333333,1,3,1,2,10
3,1,1,1,2,11
4.333333333,1,1,1,2,12
4.666666667,2,1,1,2,13
3.666666667,2,1,1,2,14
4.666666667,5,4,0,3,1
4.666666667,4,5,0,3,2
4.333333333,5,6,0,3,3
5,3.5,4,0,3,4
3.666666667,3,1,0,3,5
4.333333333,3,6,0,3,6
3.666666667,2,1,0,3,7
3.666666667,2,1,1,3,8
4.333333333,3,4,1,3,9
4.666666667,2,3,1,3,10
3.666666667,3,1,1,3,11
4,3,1,1,3,12
3.666666667,2,3,1,3,13
3.333333333,3,3,1,3,14
5.666666667,4.5,2,0,4,1
4.333333333,4,1,0,4,2
4,3,3,0,4,3
4,3,1,0,4,4
3,3,1,0,4,5
4.666666667,3,3,0,4,6
3.666666667,3,1,0,4,7
4.333333333,3,1,1,4,8
3,3,1,1,4,9
4,5,1,1,4,10
4,3,3,1,4,11
4,5,1,1,4,12
4,4,1,1,4,13
4,4,1,1,4,14
3.666666667,1,5,0,5,1
4.333333333,2,1,0,5,2
3,2,1,0,5,3
3.333333333,1,1,0,5,4
2,1,1,0,5,5
3,1,1,0,5,6
2,1,1,0,5,7
3,2,1,1,5,8
4.666666667,1,1,1,5,9
3.333333333,1,1,1,5,10
3.666666667,1.5,1,1,5,11
3,1,1,1,5,12
3.666666667,1,1,1,5,13
3.333333333,2,1,1,5,14
5,2,5,0,6,1
4,2,3,0,6,2
4,2,2,0,6,3
4,1,1,0,6,4
4,1,1,0,6,5
4.333333333,1,1,0,6,6
4.333333333,1,4,0,6,7
3.666666667,1,5,1,6,8
4,1,7,1,6,9
2.666666667,1,5,1,6,10
3.333333333,5,7,1,6,11
4.666666667,5,6,1,6,12
4.666666667,4,4,1,6,13
3.666666667,1,3,1,6,14
1,1,2,0,7,1
1,1,2,0,7,2
1,1,1,0,7,3
1,1,1,0,7,4
1,2.5,3,0,7,5
1,5,3,0,7,6
1,1,3,0,7,7
1,1,1,1,7,9
1,1,1,1,7,10
1,1,4,1,7,11
5,5,1,1,7,13
1,1,1,1,7,14
5.333333333,4.5,4,0,8,2
5,5,5,0,8,3
4.666666667,6,4,0,8,4
5,5,6,0,8,5
4,3.5,6,0,8,6
4,5.5,4,0,8,7
4.666666667,4.5,2,1,8,8
5,5.5,6,1,8,9
3.333333333,5,2,1,8,10
6,2,5,1,8,11
2.333333333,2,3,1,8,12
2,2.5,3,1,8,13
3.666666667,2.5,6,1,8,14
3,6.5,5,0,9,1
1,7,10,0,9,2
1,7,7,0,9,3
1.333333333,6.5,3,0,9,4
1,2.5,1,0,9,5
1.333333333,5.5,1,0,9,6
1,2,1,0,9,7
1,1,1,1,9,8
1,1,1,1,9,9
1,1.5,1,1,9,10
1,1.5,1,1,9,11
1,2,1,1,9,12
2,2,6,1,9,13
1,1,7,1,9,14
3.666666667,1,4,0,10,1
3.666666667,4,4,0,10,2
2,1,6,0,10,3
2.666666667,1,7,0,10,4
4.666666667,2,6,0,10,5
4.333333333,1,6,0,10,6
4,1,7,0,10,7
1,2,7,1,10,8
4.333333333,2,3,1,10,9
3,1,6,1,10,10
1,3,8,1,10,11
1,1,8,1,10,13
3,1,5,0,11,1
4.333333333,1.5,6,0,11,2
4,1.5,5,0,11,3
4,2.5,4,0,11,4
3.333333333,2.5,1,0,11,5
4,4,3,0,11,6
4,4.5,4,0,11,7
3.333333333,1.5,2,1,11,8
3.333333333,3,2,1,11,9
3.333333333,4,3,1,11,10
2.333333333,2.5,3,1,11,11
4,4,3,1,11,12
4,4.5,4,1,11,13
5,4,5,1,11,14
4.666666667,5,7,0,12,1
4.666666667,5,6,0,12,2
3.333333333,5,6,0,12,3
3.333333333,5,7,0,12,4
3.333333333,5,6,0,12,5
4.666666667,4,6,0,12,6
3.333333333,5,7,0,12,7
2.666666667,3,5,1,12,8
3.666666667,5,6,1,12,9
3.666666667,5,5,1,12,10
3.333333333,5,5,1,12,11
4.666666667,3,3,1,12,12
4.333333333,4,6,1,12,13
3.666666667,5,5,1,12,14
4.666666667,2,9,0,13,1
4,1,10,0,13,2
3.333333333,2.5,10,0,13,3
3.666666667,4,10,0,13,4
4.333333333,1,1,0,13,5
1,1,1,0,13,6
3,7,1,0,13,7
2,1,1,1,13,8
1,1,1,1,13,9
1.666666667,1,1,1,13,10
3.333333333,1,1,1,13,11
1,1,1,1,13,12
1,1,1,1,13,13
1,1,1,1,13,14
6,1,4,0,14,1
6,1,6,0,14,2
6.333333333,1,6,0,14,3
6,1,7,0,14,4
6,1,9,0,14,5
5.666666667,1,6,0,14,6
6,1,7,0,14,7
6.333333333,1,5,1,14,8
6,6,7,1,14,9
6,6,7,1,14,10
6,6,6,1,14,11
6,1,3,1,14,12
4.666666667,1,1,1,14,13
6,1,8,1,14,14
4,4.5,4,0,15,1
4,3,2,0,15,2
3,4,5,0,15,3
4,4,6,0,15,4
4,3,6,0,15,5
4,5,1,0,15,6
4,4,1,0,15,7
4,4,1,1,15,8
4,3,7,1,15,9
4,3,1,1,15,10
4,3,1,1,15,11
4,3,1,1,15,12
4,3,1,1,15,13
4,3,1,1,15,14
4,7,8,0,16,1
3.666666667,5,6,0,16,2
4.333333333,7,7,0,16,3
5,6,3,0,16,4
4.333333333,7,6,0,16,5
3.666666667,7,9,0,16,6
3,6,5,0,16,7
2.666666667,6.5,7,1,16,8
2,4.5,3,1,16,9
1,6,4,1,16,10
1.666666667,7,4,1,16,11
2.333333333,6,5,1,16,12
1.666666667,6,6,1,16,13
2.666666667,5,6,1,16,14
3,5.5,2,0,17,1
4,5.5,3,0,17,2
2,2.5,2,0,17,3
3,2,2,0,17,4
2,2,3,0,17,5
1.666666667,1,3,0,17,6
3,2,3,0,17,7
1.666666667,2,2,1,17,8
2.666666667,2,1,1,17,9
3.333333333,5,2,1,17,10
3.333333333,5.5,5,1,17,11
3,2,6,1,17,12
3.333333333,5,4,1,17,13
2,4.5,2,1,17,14
1,1,1,0,18,1
1,1.5,1,0,18,2
2.333333333,1,1,0,18,3
3,1,2,0,18,4
1,1,1,0,18,5
1.666666667,1,1,0,18,6
2.666666667,1,1,0,18,7
3,1,1,1,18,8
2.666666667,1,1,1,18,9
1.333333333,1,1,1,18,10
2.333333333,1,1,1,18,11
3,1,1,1,18,12
3.666666667,1,1,1,18,13
3.333333333,1,1,1,18,14
4.333333333,4.5,3,0,19,1
5.333333333,5,4,0,19,2
5.333333333,5,4,0,19,3
5,5,3,0,19,4
5,4,3,0,19,5
5,4,3,0,19,6
5,3,3,0,19,7
4.666666667,4,2,1,19,8
4.666666667,4,3,1,19,9
4.333333333,4,4,1,19,10
4.333333333,4,3,1,19,11
4.666666667,4,4,1,19,12
4.666666667,4,3,1,19,13
4.666666667,3,4,1,19,14
4,4,7,0,20,1
3,4,6,0,20,2
4.333333333,6,8,0,20,3
3.333333333,4,5,0,20,4
4,4,4,0,20,5
4,4,5,0,20,6
2,5,2,1,20,8
2,4,1,1,20,9
4,4,3,1,20,10
4,4,2,1,20,11
4,4,3,1,20,12
4,4,4,1,20,13
4,5,4,1,20,14
6.333333333,1,5,0,21,1
6.333333333,1,4,0,21,2
7,1,1,0,21,3
4.666666667,4,1,0,21,4
5.666666667,1,2,0,21,5
6.333333333,1,1,0,21,6
7,4.5,1,0,21,7
7,1,3,1,21,8
7,1,4,1,21,9
7,4,4,1,21,10
6,4,4,1,21,11
7,1,1,1,21,12
7,5,7,1,21,14
3,6,6,0,22,1
5.333333333,7,7,0,22,2
3.666666667,7,5,0,22,3
3.333333333,7,6,0,22,4
2.333333333,5,1,0,22,5
2.333333333,4,5,0,22,6
1,1,4,0,22,7
4,5,2,1,22,8
4.666666667,4.5,1,1,22,9
4.333333333,4,1,1,22,10
3,6,4,1,22,11
5,5,1,1,22,12
5,5,1,1,22,13
2.333333333,4,3,1,22,14
4.333333333,6,6,0,23,1
4.333333333,6,4,0,23,2
6,4.5,6,0,23,3
3,5,4,0,23,4
6.666666667,2.5,4,0,23,5
2.333333333,2,10,0,23,6
5.666666667,5,8,0,23,7
3.666666667,3.5,4,1,23,8
6,2.5,3,1,23,9
6,3,5,1,23,10
6,4.5,4,1,23,11
5.666666667,6,7,1,23,12
5.666666667,4.5,4,1,23,13
5.666666667,5.5,3,1,23,14
1,5,4,0,24,1
1,5,4,0,24,2
1,5.5,3,0,24,3
1,5,3,0,24,4
1,5,5,0,24,5
1,6,4,0,24,6
1,6,5,0,24,7
2.333333333,6,2,1,24,8
2,5,2,1,24,9
1,6,3,1,24,10
1,6,3,1,24,11
1,5,4,1,24,12
2.333333333,5,3,1,24,13
1,6,4,1,24,14
5,4,6,0,25,1
3.666666667,3,2,0,25,2
3.333333333,3,4,0,25,3
2.666666667,2,5,0,25,4
2.666666667,2,4,0,25,5
3.333333333,2.5,2,0,25,6
2.333333333,2.5,2,0,25,7
2.333333333,2,3,1,25,8
2.333333333,2,2,1,25,9
2.333333333,2,1,1,25,10
2.333333333,2,1,1,25,11
2.333333333,2,3,1,25,12
2.333333333,5,1,1,25,13
2.333333333,4.5,6,1,25,14
3,3,4,0,26,1
3.333333333,1.5,1,0,26,2
2.666666667,4.5,6,0,26,3
3.666666667,5,10,0,26,4
4.666666667,2.5,9,0,26,5
4.666666667,2,7,0,26,6
5,2,1,0,26,7
4,2,6,1,26,8
4.666666667,4,3,1,26,9
6,5,4,1,26,10
5.333333333,4,4,1,26,11
4.666666667,4.5,7,1,26,12
4.333333333,5,6,1,26,13
4.333333333,4.5,6,1,26,14
3.333333333,2,3,0,27,1
4,3,2,0,27,2
3,3,2,0,27,3
2,3,2,0,27,4
3,2,2,0,27,5
2.666666667,2.5,2,0,27,6
3,3,2,0,27,7
3,3,2,1,27,8
2.666666667,3.5,3,1,27,9
2.333333333,3,2,1,27,10
3,3.5,3,1,27,11
2.666666667,3.5,2,1,27,12
2,3.5,3,1,27,13
2.666666667,3.5,2,1,27,14
6,4,7,0,28,1
6,4,3,0,28,2
4.333333333,3.5,5,0,28,3
5.666666667,4,7,0,28,4
5.666666667,6,7,0,28,5
5,5,7,0,28,6
5.333333333,4,7,0,28,7
6.666666667,5.5,5,1,28,8
4.333333333,5,3,1,28,9
5.333333333,2.5,1,1,28,10
6.333333333,2,3,1,28,11
3.333333333,2.5,1,1,28,12
5.333333333,4,3,1,28,13
3.666666667,5,4,1,28,14
4.333333333,5.5,5,0,29,1
4.666666667,4.5,7,0,29,2
4.666666667,3.5,4,0,29,3
5.666666667,3.5,7,0,29,4
3,3,7,0,29,5
5.333333333,3,4,0,29,6
4.333333333,2,5,0,29,7
4.666666667,2,4,1,29,8
6,2,5,1,29,9
6,3,4,1,29,10
3,2,3,1,29,11
3.666666667,2,4,1,29,12
5.666666667,6,8,1,29,13
5.666666667,2,4,1,29,14
4.666666667,4,5,0,30,1
5.666666667,6.5,5,0,30,2
6.333333333,5.5,7,0,30,3
3,5,5,0,30,4
5,6,7,0,30,5
5,5,5,0,30,6
4.666666667,3,5,0,30,7
3.666666667,3,5,1,30,8
3,3,4,1,30,9
5.666666667,3,9,1,30,10
5.333333333,5.5,9,1,30,11
2.666666667,5.5,7,1,30,12
3,5.5,9,1,30,13
3,6,8,1,30,14
4.666666667,4.5,3,0,31,1
3.666666667,5,6,0,31,2
4.666666667,3,4,0,31,3
4,5,1,0,31,4
3.333333333,5.5,5,0,31,5
3.333333333,4.5,6,0,31,6
3.333333333,2.5,4,0,31,7
3.666666667,1.5,2,1,31,8
3.666666667,1.5,2,1,31,9
3,4.5,2,1,31,10
3.333333333,4.5,3,1,31,11
3.666666667,5,3,1,31,12
4,5,4,1,31,13
3.333333333,4.5,2,1,31,14
4,4,6,0,32,1
4,4.5,3,0,32,2
4,4,1,0,32,3
3,4.5,3,0,32,5
3.333333333,3.5,4,0,32,6
1,2.5,1,1,32,8
4.333333333,4.5,1,1,32,9
4.666666667,4.5,2,1,32,10
4.333333333,5,7,1,32,11
3.333333333,3,1,0,33,1
2,5,1,0,33,2
5,3.5,1,0,33,3
6,6,1,0,33,4
4.666666667,6,4,0,33,5
5.666666667,6,1,0,33,6
5,2,1,0,33,7
4,2,1,1,33,8
4.333333333,1,1,1,33,9
4.666666667,2,1,1,33,10
3.666666667,2,3,1,33,11
4.333333333,2,1,1,33,12
4.333333333,2,1,1,33,13
4.333333333,2,1,1,33,14
4.333333333,4,2,0,34,1
3,3,2,0,34,2
3.666666667,3,3,0,34,3
3,3,2,0,34,4
2,3,2,0,34,5
2,2,2,0,34,6
2,5,3,0,34,7
2,3,1,1,34,8
3,5,3,1,34,9
2,4,2,1,34,10
2.666666667,5,4,1,34,11
4,5,6,1,34,12
2,4,2,1,34,13
3,5,3,1,34,14
4.666666667,2,8,0,35,1
5.666666667,1,8,0,35,2
3.666666667,1,7,0,35,3
4,1,7,0,35,4
3,1,2,0,35,5
4,1,4,0,35,6
5,1,3,0,35,7
6,1,2,1,35,8
6,1,2,1,35,9
5,1,2,1,35,10
6,1,1,1,35,11
6,1,1,1,35,12
5,1,4,1,35,13
6,1,5,1,35,14
2.666666667,2,2,0,36,1
3.666666667,1,7,0,36,2
3.333333333,1,4,0,36,3
4,5,6,0,36,4
4.333333333,2,4,0,36,5
4.333333333,2,7,0,36,6
4.333333333,1,7,0,36,7
5,1,6,1,36,11
4.666666667,2,6,1,36,12
4.333333333,6,7,1,36,13
4,2,3,1,36,14
4,2,4,0,37,1
3,2,4,0,37,2
3,3,4,0,37,3
3,2,3,0,37,4
3,2,3,0,37,6
2,2,2,1,37,8
2.666666667,2,3,1,37,9
2,2,2,1,37,11
4,2,2,1,37,14
4.333333333,4,7,0,38,1
4,3,6,0,38,2
3.666666667,6,9,0,38,3
4,6,8,0,38,4
4,6.5,8,0,38,5
4,5,7,0,38,7
4,5,7,1,38,8
3.666666667,6,5,1,38,9
4.666666667,6,6,1,38,10
3.666666667,4,10,1,38,11
3.333333333,4,7,1,38,12
3,6,6,1,38,13
4,6,7,1,38,14
3.666666667,4,8,0,39,1
3.333333333,4,8,0,39,2
2.666666667,3.5,6,0,39,3
2.666666667,2.5,6,0,39,4
3,3,4,0,39,5
2,3,5,0,39,6
1,3,7,1,39,13
4,4,7,1,39,14
4,4.5,2,0,40,1
1,1,5,0,40,2
1,2.5,3,0,40,3
2.333333333,1,6,0,40,4
3,1,3,0,40,5
1.666666667,1,3,0,40,6
2.333333333,5,5,0,40,7
1,2,4,1,40,8
1,5,2,1,40,9
1,1,5,1,40,10
1,6,4,1,40,11
1,1,5,1,40,12
1,6,4,1,40,13
1,5.5,5,1,40,14
3.666666667,4.5,1,0,41,1
1,3,1,0,41,2
1,1,1,0,41,3
5,1,2,0,41,4
2.666666667,1,1,0,41,5
3.666666667,1,1,0,41,6
3.666666667,1,1,0,41,7
2,1,1,1,41,8
1,1,1,1,41,10
1,1,1,1,41,11
1,1,1,1,41,12
2,1,1,1,41,13
5,1,1,1,41,14
3.333333333,2,4,0,42,1
2,1,1,0,42,2
1,2,1,0,42,3
1,1,1,0,42,4
1,1,1,0,42,5
1,1,1,0,42,6
1,1,1,0,42,7
1,1,1,1,42,8
1,1,1,1,42,9
1,1,1,1,42,11
1,1,1,1,42,12
1,5,3,1,42,13
1,6,6,1,42,14
5,4.5,2,0,43,1
4.666666667,5.5,2,0,43,2
4.666666667,4.5,2,0,43,3
4.333333333,3.5,2,0,43,4
4.333333333,4,1,0,43,5
3,3,1,0,43,6
4.333333333,5,1,0,43,7
4,4,1,1,43,8
4,3,1,1,43,9
3,2.5,1,1,43,10
3.333333333,3.5,1,1,43,11
3.333333333,4,1,1,43,12
3.666666667,3.5,1,1,43,13
4.666666667,4,1,1,43,14
3.333333333,4,2,0,44,1
3.666666667,2.5,1,0,44,2
4.333333333,4,1,0,44,3
3.333333333,1,1,0,44,4
3,1,1,0,44,5
5,1,1,0,44,6
2,1,1,1,44,8
3,1,1,1,44,9
2,1,1,1,44,12
1.666666667,1,1,1,44,13
3,1,1,1,44,14
4,4.5,3,0,45,1
3.666666667,4,3,0,45,2
4,1,2,0,45,3
3.666666667,5,3,0,45,4
3.666666667,4,1,0,45,5
3.666666667,3,1,0,45,6
4,4,4,0,45,7
4.333333333,2,4,1,45,8
3,4,1,1,45,9
2.666666667,4,1,1,45,10
3.666666667,4,1,1,45,11
3.333333333,3,1,1,45,12
2,1,1,1,45,13
3.333333333,4,1,1,45,14
6,5.5,6,0,46,1
6,6.5,6,0,46,2
6.666666667,5,6,0,46,3
7,5.5,1,0,46,4
6,5.5,1,0,46,5
6,4.5,5,0,46,6
6.666666667,5.5,1,0,46,7
5.666666667,5,1,1,46,9
5.666666667,4,1,1,46,10
6.666666667,2,2,1,46,11
6.666666667,5.5,1,1,46,12
6,5,6,1,46,13
6,5.5,3,1,46,14
2,4.5,1,0,47,1
4,4,4,0,47,2
4,3,4,0,47,3
5.333333333,1,1,0,47,4
2.666666667,1.5,1,0,47,5
3.333333333,2,1,0,47,6
3,2,1,0,47,7
2,2,1,1,47,8
1.333333333,2,1,1,47,9
2,1,1,1,47,10
4,1,1,1,47,11
2,3.5,1,1,47,12
2,1,1,1,47,13
3,2,1,1,47,14
6.333333333,3,5,0,48,1
6.333333333,4.5,7,0,48,2
5.666666667,6.5,7,0,48,3
2.666666667,3,6,0,48,4
4.333333333,4,3,0,48,5
4,4,5,0,48,6
3.666666667,6,8,0,48,7
5.333333333,5.5,8,1,48,8
3.333333333,4,4,1,48,9
4.666666667,5,5,1,48,10
4,4.5,1,1,48,11
4,4,1,1,48,12
4,5.5,6,1,48,13
4,4,6,1,48,14
5.666666667,4,4,0,49,1
3,3,6,0,49,2
3,6,6,0,49,3
2,4,4,0,49,4
4.333333333,5,1,0,49,5
3,1,3,0,49,6
4.333333333,5.5,1,0,49,7
3.333333333,2,6,1,49,8
2.666666667,2.5,2,1,49,9
2.666666667,2.5,1,1,49,10
5,4.5,6,1,49,11
3.666666667,6,1,1,49,12
2,6,7,1,49,13
3.666666667,5,7,1,49,14
4,2,2,0,50,2
3.666666667,5,5,0,50,3
3.333333333,1.5,2,0,50,4
2,1.5,1,0,50,5
3.666666667,3.5,1,1,50,8
1.666666667,2,1,1,50,9
1,1.5,1,1,50,10
1.333333333,1,1,1,50,11
1,1,1,1,50,12
1.333333333,5,1,1,50,14
4.333333333,3.5,8,0,51,1
4,4.5,4,0,51,2
4,4,6,0,51,3
3.333333333,4.5,8,0,51,4
3.666666667,3,4,0,51,6
4,4,3,1,51,8
3.666666667,4,1,1,51,9
4.333333333,4,3,1,51,10
4.333333333,3,3,1,51,11
4,4,5,1,51,12
5,4,5,1,51,13
4,4,3,1,51,14
5,4,3,0,52,1
5,4,4,0,52,2
5,4.5,2,0,52,3
4.666666667,4.5,3,0,52,4
5,4.5,3,0,52,5
5.666666667,5.5,3,0,52,7
5.666666667,5.5,3,1,52,8
5.333333333,3,2,1,52,9
4.666666667,4.5,1,1,52,10
5,2.5,1,1,52,11
4.666666667,3,2,1,52,12
5,3,3,1,52,13
4.333333333,2.5,1,1,52,14
4.666666667,2.5,4,0,53,1
5.333333333,2,4,0,53,2
4,1,1,0,53,3
4.333333333,1,1,0,53,4
3.333333333,1,2,0,53,5
1.666666667,1,3,0,53,6
2.333333333,1,1,0,53,7
2.666666667,4,5,1,53,8
2.333333333,1,5,1,53,9
1.666666667,1,1,1,53,10
1.333333333,1,1,1,53,11
4.333333333,6,5,1,53,12
1.333333333,1,1,1,53,13
1.666666667,1,4,1,53,14
3,1,1,0,54,1
1,5.5,1,0,54,2
2.333333333,3,4,0,54,3
2.333333333,4,10,0,54,4
2,3.5,7,0,54,5
2,1.5,4,0,54,6
1,2.5,5,0,54,7
1.666666667,1,6,1,54,8
1.333333333,3,5,1,54,10
2.333333333,4,2,1,54,11
2,3.5,6,1,54,12
1,4,3,1,54,13
2.666666667,4,3,1,54,14
6.666666667,4,5,0,55,1
4.666666667,3,5,0,55,2
6,5,6,0,55,3
6,5,7,0,55,4
5,5,6,0,55,5
6,4,6,0,55,6
6,3.5,5,0,55,7
6,5,1,1,55,8
6,3,1,1,55,9
5,3,3,1,55,10
4.666666667,3,1,1,55,11
4,3,3,1,55,12
5,5,6,1,55,13
5,4,4,1,55,14
4,5,5,0,56,1
3,5,5,0,56,2
3.333333333,5,1,0,56,3
3,4,2,0,56,4
3,4,4,0,56,5
3,4,6,0,56,6
2.333333333,5,4,1,56,8
3,6,3,1,56,9
3,3,3,1,56,10
2,5,5,1,56,11
3,5,3,1,56,12
3,4,3,1,56,13
2.333333333,5,3,1,56,14
4.666666667,2.5,2,0,57,1
3.333333333,2.5,1,0,57,2
4,2,3,0,57,3
3.666666667,2.5,2,0,57,4
4,2,1,0,57,5
2.333333333,1.5,2,0,57,6
2.333333333,2,2,0,57,7
4,2,2,1,57,8
5,2,1,1,57,9
4,2,1,1,57,10
5.333333333,2,1,1,57,11
5,2,1,1,57,12
5.333333333,1.5,2,1,57,13
4.333333333,1,1,1,57,14
5,5,7,0,58,1
4.333333333,2,6,0,58,3
4,4.5,6,0,58,4
4.666666667,2,4,0,58,5
3.666666667,2,2,1,58,8
3.666666667,2,5,1,58,10
3.666666667,2,5,1,58,11
3.666666667,3.5,5,1,58,13
4.333333333,3,3,0,59,1
3.333333333,3,8,0,59,2
3.333333333,3,6,0,59,3
5,3,6,0,59,4
3.666666667,3,7,0,59,5
4.333333333,3,5,0,59,6
4,3,4,0,59,7
3,2,4,1,59,8
3,3,6,1,59,9
3.333333333,3,3,1,59,10
4,2,3,1,59,11
3,3,3,1,59,12
3,3,1,1,59,13
3,3,1,1,59,14
4.333333333,2,4,0,60,1
2.666666667,2.5,5,0,60,2
2.333333333,3,4,0,60,3
2.333333333,2,3,0,60,4
3.333333333,3,4,0,60,5
3.666666667,2.5,4,0,60,6
4,2.5,3,0,60,7
2.666666667,1.5,2,1,60,8
3,1,2,1,60,9
3,1.5,2,1,60,10
3.333333333,3.5,4,1,60,11
3,3,4,1,60,12
3.666666667,1.5,2,1,60,13
2.666666667,1.5,2,1,60,14
3,2,2,0,61,1
2,2,5,0,61,2
3,3.5,3,0,61,3
2,1,1,0,61,4
1.666666667,3,1,0,61,6
1,1,6,0,61,7
1,1,1,1,61,8
2,3,1,1,61,9
1,1,1,1,61,10
1,1,1,1,61,11
1,2,1,1,61,12
1,1,1,1,61,13
1,1,1,1,61,14
4,3,2,0,62,1
1.333333333,4.5,5,0,62,2
2.333333333,2.5,5,0,62,3
2.333333333,2.5,1,0,62,4
1.666666667,2,1,0,62,5
4.666666667,5.5,8,0,62,6
4.666666667,2.5,1,0,62,7
1,2,1,1,62,8
1.333333333,1.5,1,1,62,9
1.333333333,1.5,1,1,62,10
2,1.5,1,1,62,11
1.666666667,1.5,1,1,62,12
3,1,1,1,62,14
5.666666667,4.5,7,0,63,2
5.666666667,5.5,6,0,63,4
6.333333333,6,6,0,63,5
6.333333333,6,6,0,63,6
5.666666667,6,6,0,63,7
5.333333333,4,5,1,63,10
6,5,7,1,63,11
5.333333333,5,6,1,63,12
5.666666667,5,7,1,63,13
5.333333333,6,6,1,63,14
3.333333333,5,6,0,64,1
6,5,1,0,64,2
5.333333333,5,5,0,64,3
3,2,8,0,64,4
2,2,9,0,64,5
4,3,10,0,64,7
3.666666667,1,4,1,64,8
2.333333333,1,4,1,64,9
3.333333333,6,6,1,64,10
3.333333333,1,1,1,64,11
3,2,1,1,64,12
3,5,1,1,64,13
2.333333333,2,1,1,64,14
5.333333333,2.5,6,0,65,1
5.666666667,1,5,0,65,2
2,1,1,0,65,3
1.666666667,1,1,0,65,4
1,1,1,0,65,5
1,1,1,0,65,6
1,1,1,0,65,7
1,1,1,1,65,8
1,1,1,1,65,9
1,1,1,1,65,10
1,1,1,1,65,11
1,1,1,1,65,12
1,1,1,1,65,13
1,1,1,1,65,14
3,6,9,0,66,1
2,7,9,0,66,2
2.666666667,6,6,0,66,3
5,6,6,0,66,4
5,6,6,0,66,5
5,6,7,0,66,6
4.666666667,6,4,0,66,7
4.666666667,4,6,1,66,8
2,5.5,1,1,66,9
4,6,6,1,66,10
2,4,2,1,66,11
4,4,5,1,66,12
4,5,6,1,66,13
4,6,5,1,66,14
2.666666667,4.5,5,0,67,1
3.666666667,3,1,0,67,2
3,4.5,1,0,67,3
2.666666667,4,1,0,67,4
2.333333333,2.5,3,0,67,5
1.666666667,3.5,1,0,67,6
2,4,1,0,67,7
2.666666667,1,1,1,67,8
4.333333333,1,1,1,67,9
2.666666667,3,1,1,67,10
1.333333333,3,1,1,67,11
2,3,1,1,67,12
1.666666667,4,1,1,67,13
1.666666667,2,1,1,67,14
6,4.5,5,0,68,1
6.333333333,6,1,0,68,2
6.666666667,4.5,5,0,68,3
6.333333333,6.5,4,0,68,4
4.666666667,2.5,5,0,68,5
5.666666667,1.5,1,0,68,6
6.666666667,1,3,0,68,7
3.333333333,1.5,1,1,68,8
2.666666667,2,1,1,68,9
2.666666667,1.5,1,1,68,10
5.666666667,1,1,1,68,11
1.333333333,1,1,1,68,12
1.666666667,1,1,1,68,13
1.666666667,1,1,1,68,14
5.666666667,1,1,0,69,1
5.333333333,2,2,0,69,2
7,2,1,0,69,3
6,1,1,0,69,4
6,1,1,0,69,5
5.333333333,2,1,0,69,6
5.333333333,2,1,0,69,7
5.333333333,2,1,1,69,8
5.333333333,2,1,1,69,9
5.666666667,2,1,1,69,10
5.333333333,3,1,1,69,11
6,2,1,1,69,12
5.666666667,2,1,1,69,13
5,2,1,1,69,14
3.333333333,2.5,3,0,70,1
2.666666667,4.5,2,0,70,2
2,1.5,1,0,70,3
2,2,1,0,70,4
2,2,1,0,70,5
2,2,1,0,70,6
2,2,1,1,70,8
1.666666667,2,1,1,70,13
3.666666667,3,1,0,71,1
2.666666667,2,1,0,71,2
3.333333333,2,1,0,71,3
2.666666667,3.5,2,0,71,4
2.333333333,3,2,0,71,5
3,3.5,1,0,71,6
3.666666667,3,1,0,71,7
3,3.5,1,1,71,8
3,2,1,1,71,9
2.333333333,2,1,1,71,10
3,3,1,1,71,11
2.666666667,4,1,1,71,12
4,2.5,2,1,71,13
3,2.5,1,1,71,14
3.666666667,4.5,5,0,72,1
2.666666667,4.5,5,0,72,2
4,4,6,0,72,3
4,5,6,0,72,4
4,5,4,0,72,5
4,5,6,0,72,6
4,5,5,1,72,8
4.333333333,5,4,1,72,9
4,4,5,1,72,12
4,5,6,1,72,13
4,4,4,1,72,14
5.666666667,6.5,4,0,73,1
5.333333333,6,8,0,73,2
4.666666667,6,5,0,73,3
5.333333333,4,2,0,73,4
5.333333333,6,5,0,73,5
5.333333333,4,3,0,73,6
5,3,2,0,73,7
4.666666667,3,1,1,73,8
4.333333333,2.5,2,1,73,9
5.333333333,2.5,3,1,73,10
5.333333333,2.5,2,1,73,11
5.333333333,2.5,1,1,73,12
5.333333333,2,1,1,73,13
5.333333333,2.5,2,1,73,14
6.333333333,7,8,0,74,1
6.333333333,2,8,0,74,2
5.666666667,5,7,0,74,3
6.333333333,6.5,7,0,74,5
4.666666667,5,1,0,74,7
5.333333333,4.5,1,1,74,8
6.333333333,3.5,4,1,74,10
5,3,2,1,74,11
3.333333333,2,1,1,74,12
3.666666667,3,1,1,74,13
2.666666667,2,1,1,74,14
3.666666667,4.5,1,0,75,1
3.666666667,2.5,1,0,75,2
1.666666667,5.5,1,0,75,3
1.666666667,5.5,1,0,75,4
2,5.5,1,0,75,5
1.666666667,6,1,0,75,6
1.666666667,5.5,1,0,75,7
1.333333333,6.5,2,1,75,8
1.666666667,5.5,1,1,75,9
1.333333333,6.5,1,1,75,10
2,6.5,1,1,75,11
2,5.5,1,1,75,12
1.333333333,7,1,1,75,13
2,7,1,1,75,14
4,5.5,8,0,76,1
5.333333333,5,4,0,76,2
5,5,4,0,76,3
4,6,4,0,76,4
5,6,4,0,76,5
4.333333333,6,4,0,76,6
5,4.5,1,0,76,7
5,5,3,1,76,8
5,4.5,1,1,76,9
5.333333333,5.5,1,1,76,10
4.666666667,4.5,1,1,76,11
5,5,1,1,76,12
5,5,1,1,76,13
5,5,1,1,76,14
1,1.5,3,0,77,1
1.333333333,1,2,0,77,2
1,1.5,3,0,77,3
1.333333333,3,5,0,77,4
1,2,2,0,77,5
1.666666667,2,3,0,77,6
2,2,3,0,77,7
1,1.5,3,1,77,8
1.333333333,3,2,1,77,9
1,2,2,1,77,10
1,2,2,1,77,11
1,2.5,3,1,77,12
1,2,3,1,77,13
1,2,2,1,77,14
5,3.5,4,0,78,1
5.333333333,3.5,4,0,78,2
5,3,4,0,78,3
5.333333333,3.5,7,0,78,4
5,5,5,0,78,5
5.333333333,5,6,0,78,6
5,4.5,4,0,78,7
5.333333333,4,2,1,78,8
5.666666667,5,2,1,78,10
5,4,2,1,78,11
4.333333333,4,2,1,78,12
3.666666667,4,2,1,78,13
4,4.5,3,1,78,14
4,4,3,0,79,1
3.333333333,2.5,4,0,79,2
3,4.5,4,0,79,3
3,4.5,3,0,79,4
1.666666667,2.5,4,0,79,5
3.666666667,2.5,1,0,79,6
2.333333333,5,3,0,79,7
2.666666667,2.5,1,1,79,8
2.333333333,3.5,3,1,79,9
2.666666667,2.5,1,1,79,10
2.333333333,2,1,1,79,11
2.333333333,2.5,1,1,79,13
2.666666667,2.5,1,1,79,14
4.333333333,3,4,0,80,1
4.666666667,2,2,0,80,2
4,2,1,0,80,3
3,2,1,0,80,4
3,1,1,0,80,5
3,1,1,0,80,6
3,2,1,0,80,7
3,1,1,1,80,8
3,1,1,1,80,9
3,1,1,1,80,10
3,1,1,1,80,11
3,1,1,1,80,12
3,1,1,1,80,13
3,1,1,1,80,14
4,2.5,1,0,81,1
2,4,1,0,81,2
2.666666667,1,1,0,81,3
1,2,1,0,81,4
1,3,1,0,81,5
1,3.5,4,0,81,6
3,4,1,0,81,7
2.333333333,4,3,1,81,8
1,1,1,1,81,9
1,2,1,1,81,10
2,4,4,1,81,11
5.666666667,6,1,1,81,12
6,6,5,1,81,13
4,4,3,1,81,14
3,1.5,3,0,82,1
3.333333333,2,2,0,82,2
2.666666667,1,3,0,82,3
2.666666667,2,5,0,82,4
2,1,3,0,82,5
2,1,4,0,82,6
2.333333333,1,1,0,82,7
2,1,1,1,82,8
2.333333333,1,2,1,82,9
2,1,3,1,82,10
2.666666667,1,3,1,82,11
3,1,3,1,82,12
2.333333333,1,4,1,82,13
3,1,3,1,82,14
5.333333333,6,4,0,83,1
4.333333333,5,6,0,83,2
5,4,7,0,83,3
4.666666667,4,4,0,83,4
4.666666667,3,6,0,83,5
4,2,3,0,83,6
4,2,3,0,83,7
4.333333333,4,4,1,83,8
4.333333333,4,2,1,83,9
4.666666667,2,5,1,83,10
5.333333333,2,6,1,83,11
5.333333333,5,4,1,83,12
5.666666667,2,2,1,83,13
5.666666667,2,8,1,83,14
4.666666667,3.5,5,0,84,1
4,3.5,3,0,84,2
4,4,3,0,84,3
4,5,3,0,84,4
3.666666667,4,3,0,84,5
4,3,3,0,84,6
4,6,4,0,84,7
3.666666667,4,4,1,84,8
4.333333333,4,5,1,84,9
4,4,4,1,84,10
4,5.5,5,1,84,11
4,3,4,1,84,12
4,4,3,1,84,13
2.666666667,4.5,4,0,85,1
3.333333333,2,3,0,85,2
2,1,1,0,85,3
2,2,1,0,85,4
1,2,1,0,85,5
2,1,1,0,85,6
1,2,1,0,85,7
1,2,1,1,85,8
1,1,1,1,85,9
2,1,1,1,85,10
1,1,1,1,85,11
1,1,1,1,85,12
2,2,1,1,85,13
1,1,1,1,85,14
2,3,3,0,86,1
2,2,2,0,86,2
2,2,1,0,86,3
2,2,4,0,86,4
2,2,5,0,86,5
2,2,6,0,86,6
2,2,5,0,86,7
2,2,8,1,86,8
2,2,1,1,86,9
2,2,3,1,86,10
2,2,1,1,86,11
2,2,1,1,86,12
2,2,1,1,86,13
5,2,4,0,87,1
4.333333333,3,6,0,87,2
4.666666667,3,3,0,87,3
6,3,3,0,87,4
4.333333333,3,8,0,87,5
5.333333333,3,8,0,87,6
4.666666667,1,5,0,87,7
4,4,1,1,87,8
5,1,1,1,87,9
4,1,4,1,87,10
4,4.5,3,1,87,11
4,1,1,1,87,12
5,1,1,1,87,13
4,1,4,1,87,14
4.666666667,5,2,0,88,1
5,4.5,1,0,88,2
4,4.5,7,0,88,3
4,3,1,0,88,4
3.666666667,4,1,0,88,5
4.333333333,3,1,0,88,6
4.666666667,2,1,0,88,7
3.666666667,3,1,1,88,8
3,4,1,1,88,9
2.666666667,3.5,1,1,88,10
4,2,1,1,88,11
3.333333333,3,1,1,88,12
4.666666667,6,7,1,88,13
6,3,7,1,88,14
2.333333333,2,2,0,89,1
2.666666667,2,4,0,89,2
2.333333333,2,2,0,89,3
2,1,2,0,89,4
2.666666667,1,4,0,89,5
3,1,2,0,89,6
2,1,2,0,89,7
2.666666667,1,1,1,89,8
3,1,1,1,89,9
3,1,1,1,89,10
3,1,1,1,89,11
3,1,1,1,89,12
3,1,1,1,89,13
3,1,1,1,89,14
4.333333333,2.5,2,0,90,1
4.666666667,2,3,0,90,2
4.666666667,2,2,0,90,3
5.333333333,2,2,0,90,4
4.333333333,2,2,0,90,5
5,2,2,0,90,6
5,2,3,0,90,7
5,4,2,1,90,8
4.333333333,2,1,1,90,9
4,2,2,1,90,10
4,2,3,1,90,11
5,4,2,1,90,12
4,1,2,1,90,13
4,1,2,1,90,14
4,3.5,2,0,91,1
3.666666667,1,4,0,91,2
6,4,2,0,91,3
4.666666667,4,4,0,91,4
4.666666667,5,1,0,91,5
4,4,1,0,91,6
3.333333333,1,3,0,91,7
5.333333333,4,1,1,91,8
4.666666667,4,1,1,91,9
3,4,3,1,91,10
4,6,1,1,91,11
4,5,1,1,91,12
4.666666667,5,1,1,91,13
1,4,1,1,91,14
4.666666667,5,6,0,92,1
5.333333333,6,6,0,92,2
6,6,5,0,92,3
4.666666667,4,4,0,92,4
2.666666667,2,1,0,92,5
4,4,6,0,92,6
4,4,3,0,92,7
4.333333333,2,1,1,92,8
2.666666667,1,1,1,92,9
3,2,1,1,92,10
2.666666667,1,1,1,92,11
3.333333333,2,1,1,92,12
4.333333333,1,1,1,92,13
3.333333333,2,5,1,92,14
1,4,6,0,93,1
3,4,5,0,93,2
3.333333333,4,4,0,93,3
4.333333333,4,6,0,93,4
3,4,5,0,93,5
3.666666667,3,7,0,93,6
4.333333333,4,5,0,93,7
3.333333333,3,4,1,93,8
3.666666667,5,4,1,93,9
3,5,4,1,93,10
4,4,5,1,93,11
4,5,3,1,93,12
4,4,4,1,93,13
4,5,3,1,93,14
4,2,5,0,94,1
3,2,2,0,94,2
2.666666667,1.5,1,0,94,3
2.666666667,1,1,0,94,4
2,3,1,0,94,5
2,3.5,1,0,94,6
4,3,1,0,94,7
2.666666667,4,1,1,94,8
4,2,1,1,94,9
4,2,1,1,94,10
3.666666667,2,1,1,94,11
3.333333333,1,1,1,94,12
2.666666667,1,1,1,94,13
2.666666667,1,1,1,94,14
4.666666667,3,4,0,95,1
4,3,4,0,95,2
3,3,1,0,95,3
3,3,4,0,95,4
3,2,3,0,95,5
3,3,3,0,95,6
2,3,3,0,95,7
2,2,1,1,95,8
3,4,1,1,95,11
3,3,1,1,95,13
4,4,1,1,95,14
6,5.5,6,0,96,1
6,4.5,3,0,96,2
5.333333333,5.5,6,0,96,6
6,3.5,4,0,96,7
6,5.5,5,1,96,8
5.333333333,5.5,5,1,96,9
5.666666667,5.5,3,1,96,10
6,5.5,6,1,96,12
5.333333333,4.5,6,1,96,14
1.666666667,1,2,0,97,1
1.333333333,3,2,0,97,2
1.333333333,1,3,0,97,3
2,1,3,0,97,4
1.666666667,1,2,0,97,5
1.666666667,1,2,0,97,6
1,1,2,0,97,7
1.666666667,1,2,1,97,8
2,1,3,1,97,9
1.666666667,1,3,1,97,10
1.666666667,1,3,1,97,11
1.666666667,1,3,1,97,12
1.666666667,1,3,1,97,13
1.666666667,1,1,1,97,14
1.333333333,1,4,0,98,1
2.333333333,1,2,0,98,2
2.333333333,1,3,0,98,3
2.333333333,2,3,0,98,4
1.666666667,1,2,0,98,5
1.666666667,1,2,0,98,6
1.666666667,1,2,0,98,7
1,1,2,1,98,8
1.666666667,1,3,1,98,9
1.333333333,1,3,1,98,10
1.666666667,1,3,1,98,11
2,1,3,1,98,12
1.666666667,1,3,1,98,13
1,1,1,1,98,14
1.333333333,1,4,0,99,1
3.333333333,2,3,0,99,2
2.333333333,1,3,0,99,3
1.666666667,1,3,0,99,4
1.666666667,1,2,0,99,5
1.333333333,1,2,0,99,6
1.333333333,1,2,0,99,7
1.666666667,1,3,1,99,8
1.666666667,1,2,1,99,9
1.666666667,1,3,1,99,10
3,1,3,1,99,11
1.666666667,1,2,1,99,12
2.333333333,1,3,1,99,13
2,1,1,1,99,14
1.666666667,1,4,0,100,1
3.333333333,1,2,0,100,2
1.666666667,1,3,0,100,3
1.666666667,2,3,0,100,4
2.333333333,1,2,0,100,5
1.333333333,1,2,0,100,6
1.333333333,1,2,0,100,7
1.666666667,1,2,1,100,8
1.666666667,1,2,1,100,9
1.333333333,1,3,1,100,10
2,1,3,1,100,11
2,1,3,1,100,12
1.666666667,1,3,1,100,13
6,2,1,1,100,14
4,4,2,0,101,1
3,2,5,0,101,2
3,1.5,2,0,101,3
2.333333333,2,2,0,101,4
3,2,3,0,101,5
1.666666667,2,1,0,101,6
3.333333333,1.5,1,0,101,7
2.666666667,1.5,2,1,101,8
3,1.5,5,1,101,9
3,3,4,1,101,10
3,2.5,3,1,101,11
2.333333333,1,4,1,101,12
3.666666667,3.5,5,1,101,13
3,3,3,1,101,14
5.333333333,5,5,0,102,1
4.333333333,5,4,0,102,2
3.333333333,4.5,6,0,102,3
2,5,3,0,102,4
3,5,3,0,102,5
4,5,4,0,102,6
2,4,5,0,102,7
3,4.5,7,1,102,8
3.333333333,5,6,1,102,9
2.333333333,4.5,5,1,102,10
1.333333333,1,5,1,102,11
2,4.5,5,1,102,12
2,5,5,1,102,13
2,5.5,5,1,102,14
4.666666667,3,1,0,103,1
4.666666667,3,3,0,103,2
4.333333333,2.5,1,0,103,3
4.666666667,1,1,0,103,4
4,1,3,0,103,5
4.333333333,1,1,0,103,6
3.666666667,1,1,0,103,7
4.333333333,1,1,1,103,9
4,1,3,1,103,10
4.333333333,1,1,1,103,11
4,1,1,1,103,12
4,1,1,1,103,13
4.333333333,1,1,1,103,14
5,6,6,0,104,1
4.333333333,5,7,0,104,2
4,6,8,0,104,3
5.333333333,6,7,0,104,4
6.333333333,6,7,0,104,5
5.666666667,4,7,0,104,6
5.333333333,5,4,0,104,7
6.333333333,4,2,1,104,8
4.666666667,5,2,1,104,9
6,4,3,1,104,10
5.333333333,6,2,1,104,11
5.333333333,4,5,1,104,12
5.666666667,5,5,1,104,13
5.333333333,5.5,7,1,104,14
2.333333333,2,2,0,105,1
2,3,1,0,105,2
1.666666667,3,3,0,105,3
1.666666667,2,2,0,105,4
2,2,3,0,105,5
2,2,2,0,105,6
2,1,1,0,105,7
2,1,1,1,105,8
2,1,1,1,105,9
2,1,1,1,105,10
2,1,1,1,105,11
2,1,5,1,105,12
2,1,1,1,105,13
2,2,2,1,105,14
4,2,3,0,106,2
3,3,3,0,106,3
2,2,2,0,106,4
2.666666667,2,3,0,106,5
2,2,3,0,106,6
2,1,2,0,106,7
2,2,2,1,106,8
2,2,3,1,106,9
3,2,4,1,106,10
2,3,2,1,106,11
2,2,1,1,106,13
2,2,3,1,106,14
4.333333333,4,2,0,107,1
1.666666667,5,1,0,107,2
2,4,1,0,107,3
1,1,1,0,107,4
1,1,1,0,107,5
1,2,1,0,107,6
2,2,1,0,107,7
1,1,1,1,107,8
1,1,1,1,107,9
1,1,1,1,107,10
1,1,1,1,107,11
1,1,1,1,107,12
1,1,1,1,107,13
1,1,1,1,107,14
3,6,4,0,108,1
1.333333333,5,7,0,108,2
1,4,7,0,108,3
1,3,4,0,108,4
1,4,1,0,108,5
1,4,1,0,108,6
1,1,1,0,108,7
1,4,1,1,108,8
1,1,5,1,108,9
1,4,4,1,108,10
1,1,6,1,108,11
1.333333333,4,2,1,108,12
1,1,1,1,108,13
1,4,5,1,108,14
1.666666667,1,1,0,109,1
1.333333333,1,2,0,109,2
1,1,1,0,109,3
1,1,1,0,109,4
1.333333333,1,1,0,109,5
1,1,1,0,109,6
1,1,2,0,109,7
1,1.5,1,1,109,8
1,1,1,1,109,9
1,1,1,1,109,10
1,1,1,1,109,11
1,1,1,1,109,12
1,1,1,1,109,13
1,1,1,1,109,14
5.666666667,5,4,0,110,1
6.666666667,4,6,0,110,2
5.666666667,4,1,0,110,3
5.666666667,5,1,0,110,4
5.333333333,6,3,0,110,5
6,4,2,0,110,6
5.333333333,4.5,7,0,110,7
4.333333333,5,1,1,110,8
5,5,3,1,110,9
6,4,4,1,110,10
6,5,1,1,110,11
5,4.5,3,1,110,12
5.333333333,6,3,1,110,13
5.333333333,4.5,1,1,110,14
5.666666667,4.5,2,0,111,1
4.666666667,4,2,0,111,2
5.333333333,2.5,1,0,111,3
5.333333333,5,2,0,111,4
5.333333333,3,1,0,111,5
4.666666667,3,2,0,111,6
5.333333333,2.5,1,0,111,7
2.666666667,1.5,2,1,111,8
1.666666667,1.5,2,1,111,9
1.333333333,1,1,1,111,10
2,1.5,2,1,111,11
1.333333333,1.5,1,1,111,12
1.666666667,1.5,1,1,111,13
1,1.5,1,1,111,14
5.333333333,2.5,3,0,112,1
6,3,5,0,112,2
4.666666667,2.5,2,0,112,3
5,1.5,3,0,112,4
5,1,2,0,112,5
5.333333333,1.5,2,0,112,6
5.333333333,1.5,2,0,112,7
5,2.5,3,1,112,8
5.333333333,3.5,4,1,112,9
5,2,2,1,112,10
4.666666667,4,3,1,112,11
5.333333333,2.5,3,1,112,12
5,4,5,1,112,13
4.666666667,2,3,1,112,14
4.666666667,6.5,4,0,113,2
4.333333333,4,1,0,113,3
3.333333333,1,1,0,113,4
3.333333333,1.5,1,0,113,5
3.333333333,1,1,0,113,6
3.333333333,1,1,0,113,7
4,1,1,1,113,8
1.333333333,3.5,1,1,113,9
2,1,1,1,113,10
2.333333333,1,1,1,113,11
2.333333333,1,1,1,113,12
1,1,3,1,113,13
1.333333333,1,1,1,113,14
3,4.5,1,0,114,2
1,3,1,0,114,3
4,2,1,0,114,4
4,4,1,0,114,5
1,1,1,0,114,6
4,2,1,0,114,7
4,2,3,1,114,8
4,4,2,1,114,9
4,3.5,1,1,114,10
4,4.5,1,1,114,11
4,5,1,1,114,12
4,6,1,1,114,13
4.333333333,5,1,1,114,14
4.333333333,6,6,0,115,1
4.333333333,5,5,0,115,2
4.666666667,5.5,5,0,115,3
5,5,7,0,115,4
3,5,6,0,115,5
4.333333333,5,5,0,115,6
3,5,4,0,115,7
3.333333333,5,5,1,115,8
3,5,4,1,115,9
3.666666667,5,7,1,115,10
3.666666667,5,5,1,115,11
3.666666667,5,4,1,115,12
3.333333333,5,4,1,115,13
2.333333333,5,6,1,115,14
5.666666667,1,1,0,116,1
5,1,5,0,116,2
5,1,2,0,116,3
4.666666667,2,1,0,116,4
4.333333333,1,4,0,116,5
4.333333333,1,1,0,116,6
5,1,3,0,116,7
4.333333333,1,2,1,116,8
5,1,4,1,116,9
5.333333333,1,1,1,116,10
5,1,1,1,116,11
5.333333333,1,7,1,116,12
4.333333333,1,1,1,116,13
4.333333333,1,1,1,116,14
1,2.5,2,0,117,1
1,1,2,0,117,2
1,2,3,0,117,3
1,5,3,0,117,4
1,1,2,0,117,5
1,1,1,0,117,6
1,2,1,0,117,7
1.666666667,4,5,1,117,8
1,4,3,1,117,9
1,1,1,1,117,10
1,2,1,1,117,11
1.666666667,1,1,1,117,12
1,4,1,1,117,13
1,2,1,1,117,14
4.333333333,3.5,5,0,118,1
4,5.5,5,0,118,2
3.333333333,4,6,0,118,3
2.666666667,5,5,0,118,4
3.666666667,5.5,7,0,118,5
3.666666667,4.5,7,0,118,6
2.666666667,5,5,0,118,7
3.666666667,6,3,1,118,8
3.666666667,4.5,4,1,118,9
3.333333333,7,5,1,118,10
4,6,3,1,118,11
4,6,5,1,118,12
3.666666667,3.5,4,1,118,13
3.333333333,4.5,4,1,118,14
3.333333333,5,5,0,119,1
2,5,6,0,119,2
1.333333333,5,4,0,119,3
2,4,1,0,119,4
2,5,1,0,119,5
2,5,6,0,119,6
2,5,7,0,119,7
2,5,6,1,119,8
2,5,7,1,119,9
2,6,7,1,119,10
2,6,7,1,119,11
2,6,6,1,119,12
2,6,7,1,119,13
2,6,7,1,119,14
5.333333333,7,8,0,120,2
5.333333333,1,7,0,120,3
5,2,6,0,120,4
4.666666667,1,1,0,120,5
4.666666667,1,4,0,120,6
5.666666667,1,7,0,120,7
4,1,1,1,120,8
4.666666667,1,1,1,120,9
4.666666667,1,6,1,120,10
5.333333333,1,7,1,120,11
4.666666667,1,7,1,120,12
4.666666667,2,8,1,120,13
4.666666667,1,6,1,120,14
6,3.5,3,0,121,1
5.333333333,3.5,2,0,121,2
5.666666667,3.5,3,0,121,3
5,4,4,0,121,4
4.333333333,2,3,0,121,5
5,4,5,0,121,6
2.666666667,1,2,0,121,7
1,7,4,1,121,8
3.666666667,3.5,2,1,121,9
3.666666667,4,2,1,121,10
1,2,4,1,121,11
3,3,5,1,121,12
2.666666667,3,3,1,121,13
6.333333333,2,2,1,121,14
3.333333333,2,2,0,122,1
1.666666667,1,1,0,122,2
2,1,1,0,122,3
1,1,1,0,122,4
1,1,1,0,122,5
1,1,1,0,122,6
1,1,1,0,122,7
1,1,1,1,122,8
1,1,1,1,122,9
1,1,1,1,122,10
1,1,1,1,122,11
1,1,1,1,122,12
1,1,1,1,122,13
1,1,1,1,122,14
5,1.5,4,0,123,1
2.333333333,1.5,2,0,123,2
2.666666667,1.5,4,0,123,3
2.333333333,1.5,3,0,123,4
1.666666667,1.5,2,0,123,5
1.666666667,1.5,5,0,123,6
2.333333333,1.5,2,0,123,7
2.333333333,1.5,2,1,123,8
1.666666667,3.5,5,1,123,9
1.333333333,1.5,3,1,123,10
2.333333333,1.5,3,1,123,11
2,1.5,4,1,123,12
3.333333333,1.5,6,1,123,13
3,1.5,2,1,123,14
2.666666667,3,3,0,124,1
3.333333333,4.5,7,0,124,2
4,3,2,0,124,3
3.333333333,4.5,6,0,124,4
4,4,1,0,124,5
2.666666667,3,4,0,124,6
2.666666667,2,2,0,124,7
2.666666667,2,2,1,124,8
3,2,4,1,124,9
3,2,4,1,124,10
3.333333333,3,2,1,124,11
3,2,2,1,124,12
2.333333333,3,1,1,124,13
1.666666667,1,2,1,124,14
4.333333333,2.5,2,0,125,1
3.333333333,3,5,0,125,2
2.333333333,2.5,3,0,125,3
1.333333333,5,1,0,125,4
1,2.5,1,0,125,5
3,4.5,1,0,125,6
2,2,1,0,125,7
4,1,1,1,125,8
1.333333333,4,1,1,125,9
2.333333333,3.5,1,1,125,10
2.666666667,2,1,1,125,11
3.333333333,4,1,1,125,12
3.666666667,1.5,1,1,125,13
1.333333333,4,1,1,125,14
2.666666667,2,5,0,126,1
2,3,4,0,126,2
2,2,5,0,126,3
2,2,3,0,126,4
2,2,3,0,126,5
1,2,2,0,126,6
1,1,4,0,126,7
1,1,1,1,126,8
1,1,3,1,126,9
1,1,1,1,126,10
1,1,3,1,126,11
3,2,7,0,127,1
2,2,7,0,127,2
2,2,7,0,127,3
2,2,7,0,127,4
2.666666667,2,6,0,127,5
1.666666667,2,4,0,127,6
1.333333333,1.5,1,0,127,7
1.666666667,2,2,1,127,8
1.666666667,1.5,2,1,127,9
1.666666667,1,3,1,127,10
1.333333333,2,1,1,127,11
1.333333333,3,1,1,127,12
1,1,2,1,127,13
1,1,1,1,127,14
1.333333333,3,5,0,128,1
1,4,5,0,128,2
1.666666667,2.5,4,0,128,3
1,1.5,1,0,128,4
1,1.5,1,0,128,5
1,1,1,0,128,6
1,1,1,0,128,7
1,1,1,1,128,8
1,1,1,1,128,9
1.333333333,1,1,1,128,10
1.333333333,1,1,1,128,11
1,1,1,1,128,12
2,1,1,1,128,13
1.666666667,1,1,1,128,14
3,3,3,0,129,1
2,2,4,0,129,2
2,6,8,0,129,3
2,6,7,0,129,4
4.666666667,6,7,0,129,5
2,6,2,0,129,6
4.666666667,5,3,0,129,7
2,2,6,1,129,8
2,4,6,1,129,9
4,2,1,1,129,10
4,3.5,3,1,129,11
2,5,3,1,129,12
2.333333333,4,1,1,129,13
2,4.5,5,1,129,14
4,5,4,0,130,2
4.333333333,5,3,0,130,3
4,3.5,3,0,130,4
4.333333333,5,4,0,130,5
3.333333333,3,3,0,130,6
4.333333333,2,2,0,130,7
3,3,1,1,130,8
3.333333333,2,1,1,130,9
3.333333333,2,1,1,130,10
5.333333333,3.5,3,0,131,1
4,3.5,4,0,131,2
4.666666667,3.5,4,0,131,3
4.666666667,3.5,4,0,131,4
4,1.5,2,0,131,5
4.333333333,4,2,0,131,6
4.333333333,1.5,5,0,131,7
4.666666667,2.5,3,1,131,8
4.333333333,3.5,2,1,131,9
4.333333333,2.5,2,1,131,10
4.333333333,2.5,5,1,131,11
3.333333333,2.5,6,1,131,12
4,1.5,6,1,131,13
3.333333333,3.5,5,1,131,14
4.333333333,4,7,0,132,1
5,2,5,0,132,2
4.333333333,2.5,7,0,132,3
5.333333333,4,7,0,132,4
5,4,7,0,132,5
5,1,4,0,132,6
5,1,8,0,132,7
5,1,5,1,132,8
6,1,4,1,132,9
5,1,4,1,132,10
5,1,4,1,132,11
5,1,4,1,132,12
5,1,8,1,132,13
6,1,4,1,132,14
4.333333333,5,3,0,133,1
4.333333333,5,3,0,133,2
5,6.5,2,0,133,3
5,5,7,0,133,4
5,5.5,2,0,133,5
5.333333333,6,5,0,133,6
4.666666667,6,5,0,133,7
5.333333333,5,3,1,133,8
4.333333333,5,1,1,133,9
5,5,3,1,133,10
6,5,1,1,133,11
5,6,3,1,133,12
5,5,4,1,133,13
5.666666667,6,2,1,133,14
5,5.5,2,0,134,1
5.666666667,5.5,3,0,134,2
5,4.5,2,0,134,3
4,3.5,1,0,134,4
4.333333333,4.5,1,0,134,5
5,2,1,0,134,6
4.666666667,3,1,0,134,7
3.333333333,1,1,1,134,8
2.666666667,1,1,1,134,9
2.666666667,1,1,1,134,10
3.666666667,1,1,1,134,11
4.333333333,1,1,1,134,12
3,1,1,1,134,13
5.333333333,3,1,1,134,14
3.666666667,1,2,0,135,1
3.333333333,2,2,0,135,2
3.666666667,2,1,0,135,3
4,1,1,0,135,4
2,1,1,0,135,5
3,1,1,0,135,6
3.666666667,1,1,0,135,7
3.333333333,2,1,1,135,8
4,1,1,1,135,9
4,1,1,1,135,10
4,1,1,1,135,11
3,1,1,1,135,12
3.666666667,1,1,1,135,13
3,1,1,1,135,14
3.666666667,3,7,0,136,1
3,2.5,6,0,136,2
3,2.5,5,0,136,3
2.666666667,1.5,4,0,136,4
2.666666667,1,3,0,136,5
2,1,3,0,136,6
3,1,3,0,136,7
2.333333333,1,3,1,136,8
2,1,2,1,136,9
1.333333333,1,2,1,136,10
2,1,2,1,136,11
1.333333333,1,2,1,136,12
2.333333333,1,1,1,136,13
1.666666667,1,2,1,136,14
5,5.5,3,0,137,1
5.666666667,5.5,2,0,137,2
3,4.5,4,0,137,3
5,5.5,4,0,137,4
5.333333333,6,4,0,137,5
4,5.5,4,0,137,6
4.333333333,5.5,3,0,137,7
4.333333333,6.5,2,1,137,8
5,4,3,1,137,9
5,6.5,1,1,137,10
4,5.5,2,1,137,11
5,5.5,2,1,137,12
4,6,6,1,137,13
3,5.5,3,1,137,14
3,4,3,0,138,1
3,3,3,0,138,2
3,4,3,0,138,3
3,3.5,3,0,138,4
3,3,5,0,138,5
3.333333333,3,4,0,138,6
2.666666667,2,3,0,138,7
1.333333333,3,1,1,138,8
2.333333333,2,3,1,138,9
2.666666667,3.5,2,1,138,10
3,3,4,1,138,11
3,4,2,1,138,12
4,4,3,1,138,13
3.333333333,1,2,1,138,14
6,6,3,0,139,1
5.666666667,6.5,9,0,139,2
5.666666667,6,7,0,139,3
5.333333333,5,1,0,139,4
6,6,7,0,139,5
5.666666667,3,1,0,139,6
4,2.5,1,0,139,7
5,2.5,1,1,139,8
4,1,2,1,139,9
4,4.5,1,1,139,10
4,1,4,1,139,11
4.333333333,4,1,1,139,12
5,2.5,1,1,139,13
3.333333333,4.5,1,1,139,14
5.333333333,6.5,10,0,140,1
5.333333333,6,9,0,140,2
6.333333333,5,10,0,140,3
4.666666667,7,10,0,140,4
4.666666667,5.5,9,0,140,5
6.666666667,7,9,0,140,6
6.666666667,6.5,8,0,140,7
5.666666667,7,8,1,140,8
4.333333333,6.5,8,1,140,9
6.333333333,6.5,7,1,140,10
6.333333333,6,9,1,140,11
6.333333333,6,9,1,140,12
6.333333333,6.5,9,1,140,13
4,6,9,1,140,14
3,6,8,0,141,1
3.666666667,6,9,0,141,2
2,6,9,0,141,3
4,6.5,10,0,141,4
2,6,9,0,141,5
2.333333333,7,10,0,141,6
1,3,9,0,141,7
1.666666667,7,10,1,141,8
1,4,7,1,141,9
1,6,9,1,141,10
1.333333333,7,9,1,141,11
2.666666667,7,9,1,141,12
2,6,9,1,141,13
2,6,9,1,141,14
3,3.5,3,0,142,1
1.666666667,2,4,0,142,2
1.666666667,3,3,0,142,3
1,2,1,0,142,4
1,3,1,0,142,5
1,3.5,1,0,142,6
1,2.5,1,0,142,7
1,1,1,1,142,8
1,1,1,1,142,9
1,1,2,1,142,10
1,1,5,1,142,11
1,1,1,1,142,12
1,1,1,1,142,13
1,1,1,1,142,14
3.666666667,2.5,3,0,143,1
3.666666667,3,2,0,143,2
1.333333333,4,3,0,143,3
3.666666667,5.5,6,0,143,4
4.666666667,2.5,1,0,143,5
2.333333333,4,5,0,143,6
1.666666667,2.5,2,0,143,7
4.333333333,1.5,2,1,143,8
1,1.5,1,1,143,9
1.333333333,2.5,1,1,143,10
2.333333333,4,3,1,143,11
1,1.5,1,1,143,12
2,1,1,1,143,13
1,1,1,1,143,14
5.333333333,5,2,0,144,1
5.666666667,6,1,0,144,2
5.666666667,4,1,0,144,3
5.666666667,6,1,0,144,4
5,6.5,1,0,144,5
6,3,1,0,144,6
5.666666667,5,1,0,144,7
3.666666667,3,1,1,144,8
4.666666667,2,1,1,144,9
4.333333333,6,4,1,144,10
5.333333333,6,1,1,144,11
5.666666667,5,1,1,144,12
5.666666667,5,1,1,144,13
6,6,1,1,144,14
2,4.5,3,0,145,1
2,4,2,0,145,2
3.333333333,4,3,0,145,3
2,3,1,0,145,4
3,3,3,0,145,5
3,4,5,0,145,6
3.333333333,5,7,0,145,7
4,5,7,1,145,8
4,4,4,1,145,9
4,3,7,1,145,10
4,4,4,1,145,11
4,4,5,1,145,12
4,4,4,1,145,13
4,4,5,1,145,14
3.666666667,4,7,0,146,1
3.666666667,2,2,0,146,2
3,1,3,0,146,3
2.333333333,1,1,0,146,4
1,1,1,0,146,5
5,4,4,0,146,6
3.666666667,2,4,0,146,7
4.333333333,2,2,1,146,8
4,1,2,1,146,9
3,5,3,1,146,10
1,2,6,1,146,11
2,2,5,1,146,12
3,1,2,1,146,13
2.666666667,4,3,1,146,14
5.666666667,6.5,9,0,147,1
4.666666667,7,6,0,147,2
4.666666667,4,1,0,147,3
4.666666667,1.5,3,0,147,4
4.666666667,1,1,0,147,5
4,1,1,0,147,6
2,1,1,0,147,7
4,1,1,1,147,8
4,1,1,1,147,9
4.666666667,4.5,1,1,147,10
4,1,1,1,147,11
4,4.5,3,1,147,12
4.333333333,1,1,1,147,13
5,4.5,1,1,147,14
3.666666667,5.5,4,0,148,1
3.333333333,4,4,0,148,2
2.666666667,5.5,3,0,148,3
3,5,5,0,148,4
2.666666667,4.5,3,0,148,5
4.666666667,5,6,0,148,6
2,5,4,0,148,7
2,5,3,1,148,8
2.666666667,6,5,1,148,9
3.333333333,5,3,1,148,10
3,6,6,1,148,11
3.666666667,6,6,1,148,12
3.666666667,6,4,1,148,13
3.333333333,6,1,1,148,14
4.666666667,3,5,0,149,2
3.333333333,3,5,0,149,3
3,3,6,0,149,4
4,3,4,0,149,5
5.666666667,2,6,0,149,6
5.666666667,2,5,0,149,7
1.333333333,1,2,1,149,8
2,1,2,1,149,9
1.666666667,1,3,1,149,10
4,1,4,1,149,11
5,1,3,1,149,12
2,3,2,1,149,13
4,4,7,1,149,14
3.333333333,3.5,4,0,150,1
4.666666667,2,2,0,150,2
3,1,1,0,150,3
3.666666667,2,1,0,150,4
3,1,1,0,150,5
3.333333333,1,1,0,150,6
3.333333333,1,1,0,150,7
2,1,1,1,150,8
2,1,2,1,150,9
2,1,2,1,150,10
3.333333333,1,3,1,150,11
2.666666667,1,2,1,150,12
2.666666667,1,1,1,150,13
2,1,3,1,150,14
3.666666667,3.5,7,0,151,1
4,4,3,0,151,2
3,2.5,4,0,151,3
4,3,3,0,151,4
2.333333333,6.5,1,0,151,5
2.666666667,2,3,0,151,6
2.333333333,2.5,2,0,151,7
1.333333333,2,2,1,151,8
2,5,7,1,151,9
3.333333333,3,1,1,151,10
3.333333333,4.5,5,1,151,11
2.333333333,2,6,1,151,12
3.333333333,2,7,1,151,13
4,3,3,1,151,14
5.333333333,5,4,0,152,1
5.333333333,5.5,4,0,152,2
4.333333333,6,6,0,152,3
3.333333333,3.5,4,0,152,4
3.333333333,3,1,0,152,5
3.333333333,3.5,2,0,152,6
3.666666667,3.5,4,0,152,7
2.666666667,3.5,1,1,152,8
3.333333333,2.5,1,1,152,9
3.333333333,3.5,1,1,152,10
3.666666667,2.5,1,1,152,11
3.333333333,2.5,2,1,152,12
3,2.5,1,1,152,13
2.333333333,2.5,2,1,152,14
2.666666667,3,5,0,153,1
7,6,9,0,153,2
6,5,8,0,153,3
3,5,8,0,153,4
6,6,9,0,153,5
3.666666667,5,6,0,153,6
2,4,3,0,153,7
2,2,3,1,153,8
1,5,2,1,153,9
1,4,2,1,153,10
1,4,2,1,153,11
1,3,1,1,153,12
1,5,2,1,153,14
3.333333333,4,6,0,154,1
4,4.5,4,0,154,2
2,4,5,0,154,3
2.666666667,4,1,0,154,4
2.666666667,3,1,0,154,5
3,4,1,0,154,6
3.333333333,4,1,0,154,7
2.666666667,4,1,1,154,8
3,4,1,1,154,9
2.666666667,4,1,1,154,10
2,4,1,1,154,11
1,4,1,1,154,12
2,4,1,1,154,13
2,4,1,1,154,14
5,6,9,0,155,1
4,5.5,8,0,155,2
3.666666667,6,6,0,155,3
3.333333333,6,7,0,155,4
3.666666667,4.5,1,0,155,5
3,3,4,0,155,6
2.666666667,2,1,0,155,7
3,4.5,3,1,155,8
3,3,2,1,155,9
3.333333333,2,1,1,155,10
3,4.5,1,1,155,11
3,3,1,1,155,12
3,4.5,1,1,155,13
3,4,1,1,155,14
4.666666667,4.5,6,0,156,2
4,4.5,5,0,156,3
4.666666667,5.5,4,0,156,4
4.666666667,5,4,0,156,5
4.666666667,5,4,0,156,6
4.333333333,5,3,0,156,7
4.333333333,5,4,1,156,8
4,4.5,2,1,156,9
4,4,3,1,156,10
4,5,1,1,156,11
5,5,3,1,156,12
4.666666667,5,6,1,156,14
4.333333333,3.5,4,0,157,1
3.333333333,3.5,3,0,157,2
3,4,3,0,157,3
3,3,2,0,157,4
4,3.5,3,0,157,5
4,3,2,0,157,6
3,4,2,1,157,8
3,4.5,2,1,157,9
3,4.5,2,1,157,10
3,4,2,1,157,11
3,4.5,2,1,157,13
3,4,3,1,157,14
2,7,3,0,158,1
2.666666667,7,6,0,158,2
2,6,3,0,158,3
3.333333333,7,3,0,158,4
3.666666667,7,2,0,158,5
3.333333333,7,5,0,158,6
3.333333333,7,4,0,158,7
3,5.5,2,1,158,8
4,6,3,1,158,9
3.666666667,7,3,1,158,10
2.333333333,6,6,1,158,11
3.666666667,7,6,1,158,12
2.333333333,7,4,1,158,13
2.333333333,7,4,1,158,14
4.333333333,4,4,0,159,1
5,3,3,0,159,2
3.333333333,3,3,0,159,4
3.666666667,4,3,0,159,5
3,3,2,0,159,6
4.666666667,3,2,0,159,7
5,2,1,1,159,8
5,3,1,1,159,9
2.333333333,2,1,1,159,10
2.666666667,2,3,1,159,11
3.666666667,2,1,1,159,12
5,4.5,4,1,159,13
4.666666667,5,1,1,159,14
5.333333333,1,4,0,160,1
4,4,6,0,160,2
4.333333333,2,4,0,160,3
4,4,3,0,160,4
4,3,4,0,160,5
4.333333333,3,6,0,160,6
3,3,4,0,160,7
4,3,1,1,160,8
3,2,1,1,160,9
6,3,1,1,160,10
4.666666667,1,1,1,160,11
6,1,1,1,160,12
6,1,1,1,160,13
6,1,1,1,160,14
4.333333333,2,7,0,161,1
4.666666667,3,9,0,161,2
2,1,6,0,161,3
4,2.5,6,0,161,4
3,2,3,0,161,5
2.666666667,1,5,0,161,6
1.333333333,1,3,0,161,7
2,3,8,1,161,8
1.333333333,5,4,1,161,9
1.333333333,4.5,3,1,161,10
1,3,3,1,161,11
1,3,1,1,161,12
1,4,6,1,161,13
2,5,5,1,161,14
3.666666667,6.5,8,0,162,1
2,3,8,0,162,2
2,7,9,0,162,3
1.666666667,2,4,0,162,4
1,1,8,0,162,5
1.666666667,1,7,0,162,6
1,1,8,0,162,7
1,1,1,1,162,8
2.666666667,1,4,1,162,9
1,3,3,1,162,10
1,4,8,1,162,11
2,5,6,1,162,12
1,4,5,1,162,13
1,4,4,1,162,14
3.666666667,5,7,0,163,1
3.666666667,3,2,0,163,2
4.666666667,1.5,3,0,163,3
4.666666667,3.5,3,0,163,4
4.666666667,3,3,0,163,5
4.666666667,2,2,0,163,6
5,2.5,1,1,163,8
4.333333333,1,1,1,163,9
6,2,2,0,164,1
6.333333333,4,3,0,164,2
5.333333333,6,2,0,164,3
6,6.5,1,0,164,4
5.666666667,5,3,0,164,5
5.666666667,6,5,0,164,6
6.333333333,5.5,1,0,164,7
4.666666667,5.5,2,1,164,8
3.333333333,2,1,1,164,9
5.666666667,5.5,1,1,164,10
5,5.5,1,1,164,11
5.333333333,5.5,1,1,164,12
5,6.5,2,1,164,13
5,5,2,1,164,14
2,3,4,0,165,1
1.333333333,1,3,0,165,2
1.333333333,1,5,0,165,3
1,1,4,0,165,4
1,1,6,0,165,5
1,1,3,0,165,6
1,1,2,0,165,7
1,1,1,1,165,8
1,1,1,1,165,9
1,1,1,1,165,10
1,1,1,1,165,11
1,1.5,1,1,165,12
1,1.5,3,1,165,13
1,1,2,1,165,14
5.333333333,5,8,0,166,1
7,4,4,0,166,2
6,5,5,0,166,3
6.333333333,6,3,0,166,4
6.666666667,6,4,0,166,5
7,6,4,0,166,6
6.333333333,5,3,0,166,7
7,5.5,5,1,166,8
6,1,2,1,166,9
6.333333333,5,1,1,166,10
7,3,1,1,166,11
6.333333333,5,1,1,166,12
7,4,1,1,166,13
7,5,1,1,166,14
2,1.5,2,0,167,1
2,1.5,1,0,167,2
2.333333333,2,1,0,167,3
1.666666667,1.5,1,0,167,4
1.333333333,1.5,1,0,167,5
2,1.5,1,0,167,6
1.666666667,2,1,0,167,7
2,2.5,2,1,167,8
1.333333333,1.5,1,1,167,9
2,1.5,1,1,167,10
1.666666667,2,1,1,167,11
2,2,1,1,167,12
1.333333333,2.5,1,1,167,13
1.333333333,1,1,1,167,14
6,5.5,5,0,168,1
5.666666667,5.5,7,0,168,2
5.666666667,4.5,8,0,168,3
5.666666667,4.5,8,0,168,4
5.666666667,5.5,2,0,168,5
6,5.5,3,0,168,6
6,3,1,0,168,7
5.666666667,4.5,8,1,168,8
6,5.5,8,1,168,9
5.666666667,5.5,7,1,168,10
6,5.5,8,1,168,11
5.333333333,5.5,7,1,168,12
5.666666667,5.5,8,1,168,13
5.333333333,5.5,7,1,168,14
3,4.5,2,0,169,1
3,3,2,0,169,2
3,3,2,0,169,3
3.333333333,4.5,2,0,169,4
3,4,3,0,169,5
3,3,2,0,169,6
3.333333333,4,2,0,169,7
3,3,1,1,169,8
3,4,1,1,169,9
3,3,1,1,169,10
3,4,2,1,169,11
3,4,2,1,169,12
3,3,2,1,169,13
3,3,2,1,169,14
4.666666667,2,2,0,170,1
3.333333333,2,2,0,170,2
3.666666667,5,3,0,170,3
4,4,1,0,170,4
3.666666667,4,1,0,170,5
3.666666667,5,1,0,170,6
5,4,1,0,170,7
4,2,1,1,170,8
4.666666667,2,1,1,170,9
4,4,1,1,170,10
4,1,1,1,170,11
4,4,1,1,170,12
4,4,1,1,170,13
4.333333333,4,1,1,170,14
5.333333333,4.5,5,0,171,1
5.333333333,2.5,3,0,171,2
2.666666667,2.5,2,0,171,3
5.333333333,2.5,4,0,171,4
5.333333333,2.5,3,0,171,5
5.666666667,2.5,2,0,171,6
2.666666667,3.5,1,0,171,7
2.333333333,2.5,5,1,171,8
2,2.5,2,1,171,9
5,2.5,1,1,171,10
5,2.5,1,1,171,11
5.333333333,2.5,1,1,171,12
5,2.5,2,1,171,13
5.333333333,2.5,2,1,171,14
4,4,4,0,172,1
4,4,1,0,172,2
4.666666667,2,1,0,172,3
4.333333333,3,1,0,172,4
4.666666667,2,7,0,172,5
4,1,5,0,172,6
5,1,4,0,172,7
3,1,1,1,172,9
1,1,1,1,172,10
4.666666667,1,1,1,172,11
4,4,1,1,172,12
4,1,1,1,172,13
4,4,1,1,172,14
2.333333333,6,7,0,173,1
2.666666667,5,7,0,173,2
2.333333333,4,7,0,173,3
2.333333333,5,5,0,173,4
2.333333333,1,5,0,173,5
4,5,7,0,173,6
3,4,7,0,173,7
3.333333333,5,8,1,173,8
3,1,8,1,173,9
3,3.5,7,1,173,11
3,5,7,1,173,12
3,5,7,1,173,13
4.333333333,6,9,1,173,14
2.666666667,3,5,0,174,1
1.666666667,5,6,0,174,3
2.333333333,3,3,0,174,4
2,3,4,0,174,5
2,4,5,1,174,8
2,1,1,1,174,9
2,3,1,1,174,10
3,2,1,1,174,11
2,2,1,1,174,14
7,7,10,0,175,1
7,4,9,0,175,2
5.666666667,4.5,7,0,175,3
6.666666667,7,7,0,175,4
5.666666667,5,6,0,175,5
4,4,6,1,175,8
4,4,4,1,175,9
4,4,4,1,175,10
5,6,6,0,176,1
4,5,7,0,176,2
4.333333333,5,8,0,176,3
4.666666667,6,9,0,176,4
4.666666667,4,6,0,176,5
4,4,5,0,176,7
4,4,9,1,176,8
4.666666667,6,4,1,176,9
4.333333333,6,6,1,176,10
4,4.5,7,1,176,12
4.666666667,5,7,1,176,13
4.666666667,4.5,5,1,176,14
1.333333333,2,1,0,177,1
1,1,1,0,177,2
1,1,1,0,177,3
1.333333333,1,3,0,177,4
1,1,3,0,177,5
1,1,1,0,177,6
1,1,1,0,177,7
1,1,3,1,177,8
1,1,1,1,177,9
1,1,1,1,177,10
1,1,1,1,177,11
1,1,1,1,177,12
1,1,1,1,177,13
1,1,1,1,177,14
4,6,5,0,178,1
3.333333333,5,4,0,178,2
3,5,3,0,178,3
3,5,3,0,178,4
3,5,2,0,178,5
3,5,1,0,178,6
3.333333333,5,1,0,178,7
3.666666667,4,1,1,178,8
3,5,2,1,178,9
3,1,1,1,178,10
3,5,1,1,178,11
3,5,1,1,178,12
3,5,1,1,178,13
3,6,1,1,178,14
2,2.5,1,0,179,1
3.333333333,5,1,0,179,2
4.666666667,5.5,6,0,179,3
2.666666667,3,1,0,179,4
3.333333333,3,1,0,179,5
4,3,1,0,179,6
4.333333333,4,1,0,179,7
5.333333333,3,1,1,179,8
3,3,1,1,179,9
3,3,1,1,179,10
3.333333333,4,1,1,179,11
3.666666667,5,1,1,179,12
3,5.5,1,1,179,13
4.333333333,6,1,1,179,14
3.666666667,6,8,0,180,1
2,7,8,0,180,2
2,6,8,0,180,3
2,4,4,0,180,4
3.666666667,3,4,0,180,5
3.666666667,5,7,0,180,6
5,5,7,0,180,7
4.333333333,3,4,1,180,8
5,4,4,1,180,9
5,5,5,1,180,10
5,3,5,1,180,11
4,4,4,1,180,12
4,3,4,1,180,13
3.666666667,5,3,1,180,14
4.333333333,6,4,0,181,1
3.333333333,4,3,0,181,2
3.333333333,1,1,0,181,3
4.333333333,1,1,0,181,4
4.333333333,1,3,0,181,5
4.666666667,1,1,0,181,6
3,1,1,0,181,7
4,1,1,1,181,8
2.666666667,1,1,1,181,9
4,1,1,1,181,10
4,1,5,1,181,11
3,1,5,1,181,12
4,1,6,1,181,13
3,1,9,1,181,14
2.666666667,5,7,0,182,1
2,1.5,7,0,182,2
3.333333333,2.5,3,0,182,3
4.666666667,1,3,0,182,4
1.666666667,1,4,0,182,5
1.333333333,1,2,0,182,6
1,1,3,0,182,7
3.666666667,1,2,1,182,8
3.333333333,2,4,1,182,9
3.666666667,1,2,1,182,10
5.333333333,2,2,1,182,11
4.666666667,1,1,1,182,12
4.666666667,2,3,1,182,13
4.666666667,4.5,6,1,182,14
3,3,1,0,183,1
3,3,1,0,183,2
2,3,2,0,183,3
3,2,1,0,183,4
2.666666667,2,1,0,183,5
3,3,1,0,183,6
2.666666667,2,1,0,183,7
3,2,1,1,183,8
3.333333333,2,1,1,183,9
3,2,1,1,183,10
2,2,1,1,183,11
3,2,1,1,183,12
3,2,1,1,183,13
3,2,1,1,183,14
4.666666667,6,6,0,184,2
4,6,6,0,184,3
1.333333333,3,3,0,184,4
4,5,4,0,184,5
5,5,5,0,184,6
5,5,4,0,184,7
5.333333333,5,2,1,184,8
4,6,3,1,184,9
5,5,2,1,184,10
4,5,4,1,184,11
4,5,3,1,184,12
4,5,2,1,184,13
5,5.5,3,1,184,14
1,1,1,0,185,1
4.666666667,2.5,1,0,185,2
5.333333333,2.5,1,0,185,3
4.333333333,2,1,0,185,4
4,1,1,0,185,5
3.666666667,1,1,0,185,6
3,1,1,0,185,7
3.333333333,1,1,1,185,8
2.333333333,1,1,1,185,9
2.666666667,3.5,5,1,185,10
1.666666667,1.5,5,1,185,12
3.333333333,3,5,1,185,13
3,3,5,1,185,14
6.333333333,3.5,9,0,186,1
6.333333333,6.5,2,0,186,2
6.333333333,5.5,2,0,186,3
6,5.5,1,0,186,4
6,6.5,1,0,186,5
6.333333333,6.5,1,0,186,6
6,6.5,1,0,186,7
6.333333333,6.5,1,1,186,8
6.333333333,6,1,1,186,9
6.333333333,6.5,1,1,186,10
5.666666667,6.5,1,1,186,11
6.333333333,5.5,1,1,186,12
6.666666667,6,1,1,186,13
6.333333333,5,1,1,186,14
4.333333333,3,7,0,187,2
3.333333333,1,6,0,187,3
7,1,9,0,187,4
5.666666667,1.5,3,0,187,5
6.333333333,2,7,0,187,6
7,1,10,0,187,7
5,2,5,1,187,8
6,2,6,1,187,9
7,2,7,1,187,10
7,1,4,1,187,11
1.666666667,1,2,1,187,12
4.333333333,1,4,1,187,14
5.333333333,5.5,7,0,188,1
5.666666667,5.5,5,0,188,2
6,6,6,0,188,3
6,5.5,4,0,188,4
6,5.5,4,0,188,5
5.333333333,5.5,5,0,188,6
6,5,6,0,188,7
6,5.5,5,1,188,8
6,5,2,1,188,9
6.333333333,5.5,4,1,188,10
3.333333333,5.5,3,1,188,11
5.333333333,5.5,3,1,188,12
5.666666667,2.5,3,1,188,13
5.666666667,3.5,3,1,188,14
5,3,6,0,189,1
5,6,8,0,189,2
5,1,9,0,189,3
5.333333333,6,8,0,189,4
5.666666667,1,8,0,189,5
5,1,9,0,189,6
6,4,8,0,189,7
5,1,9,1,189,8
4.333333333,1,1,1,189,9
5,1,8,1,189,10
4.666666667,1,5,1,189,11
6,4,7,1,189,12
6,1,3,1,189,13
4,1,6,1,189,14
4.666666667,4.5,4,0,190,1
4.333333333,4,5,0,190,2
4.333333333,4.5,3,0,190,3
4,4.5,5,0,190,4
4,4.5,3,0,190,5
4.333333333,5,5,0,190,6
4,4,5,0,190,7
3.666666667,4,5,1,190,8
4.333333333,4,3,1,190,9
4,3.5,3,1,190,10
4.333333333,4,3,1,190,11
4.333333333,4.5,5,1,190,12
4,3.5,3,1,190,13
4,4.5,6,1,190,14
1,1,1,0,191,1
1,1,5,0,191,2
1,2,5,0,191,3
1.333333333,2,5,0,191,4
1,1,1,0,191,5
3,1,6,0,191,6
1,1,1,0,191,7
2.666666667,1,1,1,191,8
1,1,1,1,191,9
1,1,1,1,191,10
3,7,1,1,191,11
3,1,1,1,191,12
3,1.5,1,1,191,13
1,3,1,1,191,14
4.333333333,3.5,3,0,192,1
3.333333333,3,6,0,192,2
3,3.5,5,0,192,3
3.333333333,4,5,0,192,4
3.333333333,2.5,4,0,192,5
4.666666667,3,3,0,192,6
3.666666667,3.5,4,0,192,7
4.333333333,2.5,3,1,192,8
3.666666667,1.5,2,1,192,9
2.333333333,1.5,2,1,192,10
4,2,4,1,192,11
3,2.5,4,1,192,12
3.333333333,2.5,4,1,192,13
3,3,4,1,192,14
3,3,3,0,193,1
1.666666667,1,1,0,193,3
1,1,1,0,193,4
1,1,1,0,193,5
1,1,1,0,193,6
1,1,1,0,193,7
1,1,1,1,193,8
1,1,1,1,193,9
1,1,1,1,193,10
1,1,1,1,193,11
1,1,1,1,193,12
1,1,1,1,193,13
1,1,1,1,193,14
4,5.5,8,0,194,1
3.666666667,5,8,0,194,2
2,6,9,0,194,3
2.333333333,7,9,0,194,4
4.333333333,6,9,0,194,5
4.333333333,7,7,0,194,6
4.333333333,5,7,0,194,7
2.666666667,6,7,1,194,8
3.666666667,6,6,1,194,9
3.333333333,6,7,1,194,10
3,7,7,1,194,11
3,6,8,1,194,12
3.666666667,7,9,1,194,13
3,7,10,1,194,14
5.333333333,3,4,0,195,1
3.666666667,3.5,4,0,195,2
4,4,4,0,195,3
4.333333333,5,4,0,195,4
5.333333333,3,3,0,195,5
6,3,3,0,195,6
5,3,3,0,195,7
5.666666667,6,5,1,195,8
4.666666667,4,6,1,195,9
5.333333333,4.5,5,1,195,10
5.333333333,3,3,1,195,11
6,4,2,1,195,12
4.333333333,5,3,1,195,13
6,5,3,1,195,14
3.666666667,5,6,0,196,1
4.666666667,4,4,0,196,2
5,3,3,0,196,3
5,4,3,0,196,6
4,4.5,5,0,196,7
4,3,3,1,196,8
5,4,2,1,196,9
4.333333333,3.5,1,1,196,10
5,3,1,1,196,11
5,3.5,1,1,196,12
4.666666667,4,1,1,196,13
3,4,1,1,196,14
2.666666667,5,2,0,197,1
2.333333333,3.5,1,0,197,2
3.333333333,4,1,0,197,3
2.666666667,4.5,1,0,197,4
3,4.5,1,0,197,5
3.666666667,4,1,0,197,6
3.333333333,3,1,0,197,7
3.333333333,3.5,1,1,197,8
3,3,1,1,197,9
2.666666667,2.5,1,1,197,10
2.333333333,2.5,1,1,197,11
2.666666667,3,1,1,197,12
3.333333333,4,1,1,197,13
3.333333333,3.5,1,1,197,14
4.666666667,2.5,5,0,198,1
4.666666667,3.5,7,0,198,2
3.666666667,3.5,9,0,198,3
4.666666667,3.5,8,0,198,4
3,4,7,0,198,5
5.333333333,3.5,7,0,198,6
4.333333333,2.5,5,0,198,7
2.666666667,3.5,6,1,198,8
3.666666667,4.5,5,1,198,9
3.333333333,4.5,6,1,198,10
5.333333333,4,7,1,198,11
2,2,6,1,198,12
2.333333333,3.5,7,1,198,13
2.333333333,4.5,7,1,198,14
4,4,4,0,199,1
2,4,2,0,199,2
4,3,3,0,199,3
3.666666667,4,2,0,199,4
3,5,1,0,199,5
3,5,1,0,199,6
4,4,2,0,199,7
3,4,1,1,199,8
3,4,1,1,199,9
3,4,4,1,199,10
1,4,1,1,199,11
2,4,2,1,199,12
3,4,1,1,199,13
3,4,2,1,199,14
3,6,7,0,200,1
4,3,8,0,200,2
5,6,4,0,200,3
5.666666667,5,8,0,200,4
4,3,4,0,200,5
6,4,1,0,200,6
6,3,1,0,200,7
6,4,1,1,200,8
6,4,1,1,200,9
6,4,1,1,200,10
6,4,1,1,200,11
6,4,1,1,200,12
6,4,1,1,200,13
6,4,4,1,200,14
