0.158124167,1,2,1,115,8
0.411685278,1,6,1,72,14
0.678683611,2.5,1,1,107,13
0.984280833,3.5,3,0,73,1
1.291322222,1.5,1,1,107,10
1.426884722,2.5,2,1,41,11
1.470794722,4,2,0,109,7
1.478801667,1.5,1,1,87,12
1.50169,1.5,1,0,107,6
1.502879167,1.5,2,0,107,1
1.529883056,1,1,1,107,14
1.736341111,2,1,1,107,12
1.913646389,1,4,1,6,11
1.943949722,2,1,1,107,11
1.951920833,2.5,1,1,87,10
2.010806944,2,1,1,39,10
2.020785,4,3,1,87,11
2.046536667,4.5,4,1,70,9
2.046893889,1.5,1,1,107,9
2.070852778,1,3,0,115,7
2.089376111,5,1,1,106,14
2.094186944,6,6,1,12,13
2.164976667,3.5,5,0,70,1
2.207780556,2.5,3,1,41,10
2.244859167,1.5,1,0,107,2
2.247376944,1,1,1,87,13
2.275169444,7,4,1,12,11
2.316772778,2,1,0,107,3
2.347357778,2,3,1,61,9
2.379016667,3,1,1,39,11
2.416273056,2.5,2,1,107,8
2.436555,6,7,1,71,11
2.566478611,3.5,1,1,39,8
2.568078056,2.5,1,1,41,12
2.640766944,6,4,0,106,5
2.650558611,3,1,1,41,8
2.750086111,2,3,0,61,6
2.759853889,1,6,0,37,7
2.827698889,6,5,1,12,12
2.944137778,1.5,1,0,107,5
2.969796944,3,3,0,117,4
3.023171111,1,1,1,102,11
3.029950833,6,5,1,70,12
3.0361475,3,1,0,39,1
3.055025833,2,1,1,39,9
3.0869175,1,5,0,51,7
3.087808611,1.5,1,0,107,4
3.1055425,1.5,4,0,74,1
3.108359444,1,2,0,115,6
3.110702222,5,3,0,6,6
3.132276389,7,4,1,73,8
3.148209722,6,3,1,117,9
3.169878333,1,6,1,111,14
3.172794722,6,6,0,68,1
3.173446389,2,5,0,92,7
3.195419444,1,1,0,93,7
3.199801667,3,1,1,11,13
3.231085,1,1,1,24,8
3.237203889,5,6,0,71,6
3.238321111,3,2,0,17,4
3.288198333,2.5,2,1,41,9
3.297791944,3.5,5,1,118,10
3.310844722,1,4,0,112,7
3.312854167,4.5,3,1,12,9
3.322018611,2,1,0,107,7
3.342602778,1,1,0,22,7
3.422084167,1,2,1,84,14
3.435491667,5.5,1,1,122,8
3.472875,1,2,1,69,8
3.4730325,1,1,1,26,10
3.505686111,1,1,1,51,12
3.513655,2,1,0,39,3
3.567505833,1,1,1,86,9
3.567795556,3.5,1,1,26,12
3.575285278,1.5,2,1,87,8
3.584295833,5,4,0,71,3
3.592938889,6,7,1,71,13
3.5944425,1,1,1,6,10
3.723266667,1,1,1,60,9
3.7273275,2,5,1,34,10
3.7395075,5.5,4,0,83,4
3.741721944,1,1,1,87,14
3.777156389,1,1,1,102,12
3.788089167,5,4,1,13,13
3.802241667,6,7,0,76,5
3.817675556,2,1,1,26,9
3.823795833,4,4,0,73,4
3.829940278,2.5,2,0,66,3
3.864503611,1,1,1,24,9
3.9292,1.5,3,0,66,4
3.933549167,2.5,2,1,39,13
3.949738889,3,2,1,61,11
3.982143333,1,2,0,81,1
4.000928889,5.5,1,0,8,6
4.015298889,5.5,1,1,119,12
4.037457222,5,1,1,6,13
4.046107778,3,1,0,39,7
4.057777778,1,1,1,86,14
4.072863611,6.5,1,1,83,10
4.083916111,5,1,0,71,5
4.088764167,1,1,1,26,13
4.095996389,5,7,1,71,9
4.144343611,1,3,0,6,7
4.181970833,4,2,1,44,13
4.18625,3,6,0,92,4
4.194051944,4.5,2,1,19,10
4.198781111,3.5,5,1,34,13
4.2088575,1,6,1,30,8
4.2126325,1.5,3,0,43,3
4.219561389,5,3,1,55,12
4.237259722,1,8,0,111,7
4.256983611,1.5,5,1,118,12
4.264801389,1,1,1,60,10
4.2805225,6,3,1,65,13
4.313308333,1.5,1,1,8,11
4.341517222,3,5,0,43,4
4.347098056,2,1,1,61,13
4.355527222,4,1,1,122,13
4.358103333,3,1,1,35,14
4.358379722,2.5,3,0,6,5
4.365125556,5,6,0,12,2
4.394636944,2,2,1,61,8
4.423424722,1,1,0,24,5
4.425001389,4,3,1,10,10
4.44655,1,4,0,115,5
4.455210556,2.5,4,0,94,3
4.459717778,1.5,1,1,87,9
4.465335,6,3,1,70,11
4.473790556,1,7,1,72,11
4.484118056,4,1,1,122,12
4.4930225,3,5,1,30,10
4.499398056,5,1,1,106,10
4.513757222,5.5,3,0,13,2
4.525958333,6.5,2,1,83,8
4.536113056,2,4,1,73,11
4.539823333,2.5,2,0,94,7
4.539919722,2,5,0,50,7
4.550309444,3,4,0,30,3
4.556049722,2,2,1,43,14
4.568356944,5,4,1,80,13
4.570625556,3,4,0,84,6
4.577600278,1.5,3,0,43,1
4.587001944,2,5,0,57,2
4.616775278,2,1,1,4,14
4.618266944,1,1,1,60,13
4.620887222,3.5,3,0,73,3
4.626546944,3.5,1,0,39,6
4.637150278,2,1,0,46,7
4.664316111,1.5,2,0,66,6
4.665557222,3,2,0,17,3
4.671276111,2,6,0,34,3
4.686719167,2,4,0,34,5
4.69009,1,4,0,69,5
4.692445556,3,2,0,17,2
4.696351389,2.5,1,0,87,5
4.696600833,5,1,1,42,13
4.715265,3.5,3,1,17,13
4.717651667,6,6,0,97,3
4.720386944,2,3,1,84,9
4.727939722,4,3,1,30,14
4.732319444,3.5,3,0,86,1
4.735647222,1,2,1,106,9
4.73778,4,2,1,20,13
4.752693056,3,4,1,2,9
4.760374722,1,1,1,37,14
4.768252778,4.5,1,1,19,9
4.796211944,3,1,1,75,12
4.820528333,1,1,0,30,1
4.828264722,1,1,0,69,6
4.864038333,2.5,3,0,66,1
4.878726944,1,2,0,43,2
4.880597222,1,2,0,66,5
4.884512222,4,2,0,24,1
4.912984167,2,2,0,17,5
4.917891944,6,4,1,113,9
4.927045833,2,1,0,118,4
4.946567222,1,2,0,61,7
4.963759167,1,1,0,81,5
4.991463056,3.5,2,1,84,10
5.000361389,1,6,1,72,10
5.000486111,2,4,1,61,10
5.008791944,1,10,0,120,7
5.055636111,2,2,1,66,10
5.065078333,3,1,1,77,8
5.065462778,6.5,3,0,8,4
5.065622222,2,3,0,17,1
5.069105556,1,1,0,123,5
5.073937222,4.5,1,1,97,11
5.076596944,5,7,0,34,1
5.083166667,4.5,1,1,65,14
5.088273611,1,7,1,5,9
5.093696667,1,2,0,6,2
5.096405278,6.5,1,1,119,11
5.114841111,3,4,0,26,3
5.122423056,2,3,1,43,13
5.148111111,2,3,0,5,2
5.156885833,1.5,1,1,4,11
5.166780556,3,3,0,84,2
5.176056111,2.5,4,0,10,4
5.179501944,7,7,0,8,3
5.190049167,2.5,3,1,66,12
5.199416667,2,1,1,75,11
5.217942778,5,4,0,117,7
5.226572222,3.5,2,1,17,12
5.240670278,5,3,1,65,9
5.250909167,4,2,1,30,11
5.267226667,6,3,1,70,8
5.267706389,2,2,0,43,5
5.280223056,4.5,3,1,97,8
5.282841667,2,3,0,43,6
5.287730556,1,1,1,62,13
5.2925775,5,1,1,65,11
5.293801667,7,10,0,8,2
5.302837222,1.5,2,0,66,7
5.310343611,3,3,1,73,13
5.318575833,2.5,2,0,13,3
5.32551,6,6,0,117,2
5.331974444,5.5,3,0,83,7
5.339255278,4,10,0,30,4
5.339480833,6,5,0,80,7
5.341303056,3,1,1,37,9
5.363483056,6,6,1,113,10
5.374818611,3,5,0,84,5
5.378306389,4,4,0,106,2
5.385738889,7,7,0,12,3
5.420141944,5,7,1,19,11
5.427934444,2,3,0,13,7
5.4305325,1,1,0,6,3
5.435556944,7,9,0,12,6
5.441671944,2.5,3,0,87,1
5.449831389,1.5,1,1,8,10
5.465317222,4,1,1,39,12
5.4701775,2,7,0,120,6
5.477579444,1,1,1,37,11
5.484791111,6,4,1,12,10
5.493266389,5,6,1,71,8
5.500645278,5,3,1,80,10
5.502014722,1,1,1,24,12
5.512887778,1,1,1,54,9
5.516378611,2,1,0,39,2
5.525367222,3,2,0,11,2
5.548041667,2,3,0,73,5
5.569307778,1.5,3,1,43,8
5.587466111,3,2,1,43,9
5.589093611,4,3,1,15,12
5.589766944,1,1,1,37,10
5.602651111,2,1,1,47,10
5.6103275,1.5,2,1,74,8
5.617264444,1,1,0,93,6
5.630005278,2.5,3,1,10,11
5.634866944,7,3,0,100,4
5.637005833,4,3,1,84,13
5.657552222,6,9,0,85,2
5.657670833,1.5,7,0,115,2
5.663645,1,1,1,118,8
5.671184167,3,2,1,17,10
5.674235833,4,4,1,55,13
5.685593056,2,6,1,76,8
5.707033056,2,7,0,75,4
5.708870833,4,7,0,90,1
5.710696111,5,7,0,80,4
5.713782778,2,5,1,34,11
5.721254722,5.5,7,1,108,10
5.7227625,6,3,0,65,5
5.723915556,2,1,1,4,8
5.727501389,4,3,0,87,3
5.736512222,2,3,1,35,11
5.7501075,7,5,1,70,10
5.75303,1,1,1,6,9
5.756416389,3.5,2,1,17,14
5.759548889,1,1,1,64,13
5.7625875,5,1,1,80,11
5.764558611,1,1,0,5,5
5.792660833,5,5,0,122,1
5.793340833,3,4,1,84,11
5.804088056,3,2,1,17,8
5.811248333,3,1,0,37,6
5.813581111,4,1,0,24,3
5.818699722,3,3,0,76,1
5.822324722,1,1,1,4,9
5.829250833,3,1,1,114,10
5.834203611,1,1,1,4,10
5.842950556,4.5,6,0,34,4
5.843597778,4.5,1,0,26,1
5.850260833,2,1,0,26,7
5.859459722,3.5,2,0,39,4
5.859581389,7,6,0,12,5
5.864651944,2,8,1,72,13
5.872693889,1,3,1,5,14
5.876771944,1,4,1,69,9
5.876969722,2,5,0,123,4
5.878019722,1,1,1,46,11
5.8824075,4,3,0,84,1
5.894510833,3.5,3,1,17,11
5.9013775,5,1,1,106,12
5.908025556,1,1,1,115,12
5.9115525,1,4,0,5,7
5.922523611,2.5,6,1,78,12
5.925772222,2.5,1,1,39,14
5.93971,5,2,1,59,9
5.952570278,4.5,6,0,98,2
5.957762778,1,4,1,120,11
5.960569167,1,2,1,120,12
5.976418056,2,2,1,43,10
5.9799425,2,1,0,93,4
5.985109167,5,1,1,31,8
5.9942175,1.5,6,1,78,13
5.994516389,2,4,0,102,3
6.015576944,3,3,0,94,4
6.019235556,5.5,3,1,83,14
6.01982,3,5,0,66,2
6.037374722,4.5,2,0,23,3
6.039576111,2,3,0,13,5
6.055203611,3,1,1,52,12
6.070841389,6,1,1,122,9
6.078074167,6,2,1,80,14
6.101769167,7,8,1,85,8
6.103642778,4,2,1,84,12
6.108403889,5.5,8,0,97,2
6.110030556,2,7,0,112,5
6.113831111,2.5,3,1,78,8
6.124976667,4,2,1,44,12
6.126533333,5.5,4,0,91,1
6.128073333,6,3,0,12,4
6.137324167,1,5,0,4,1
6.157226389,1,2,0,6,1
6.1582025,4,5,0,55,5
6.1598425,2,2,0,37,1
6.16553,2,2,0,81,2
6.166628889,4,6,0,40,3
6.1778975,4,4,0,91,2
6.184991944,4,1,1,106,13
6.1925,4,1,0,110,7
6.196823333,4,4,1,40,14
6.198508611,1,1,0,93,3
6.199745833,6,1,0,122,3
6.208361944,1,3,1,75,10
6.216188333,6,5,0,12,7
6.234843611,3,2,0,87,2
6.237375278,2.5,1,0,10,5
6.244503889,2.5,3,0,115,3
6.2459225,2,1,1,2,8
6.252908333,4.5,3,1,44,14
6.256020833,4,2,1,44,8
6.258875278,5,3,0,80,1
6.26219,2,5,0,37,2
6.284453611,5,5,0,71,1
6.285667778,2,1,0,26,6
6.287143333,1,1,1,102,13
6.287787222,2.5,5,0,30,7
6.303383889,1,1,1,26,11
6.318343611,2,4,0,90,7
6.321055833,6.5,5,0,8,1
6.3255,6,4,0,42,6
6.333151944,1,7,0,9,4
6.34984,5,6,1,25,13
6.355143056,4,3,0,94,2
6.361506944,3.5,3,0,84,4
6.371463889,3,1,1,84,8
6.374037778,2,5,1,120,8
6.377316944,6,2,0,76,6
6.386409167,1,1,1,22,12
6.388740556,3.5,7,0,30,5
6.392831944,6,7,0,76,4
6.395694167,6,8,0,76,3
6.397535556,4.5,5,1,113,14
6.399990833,4.5,7,0,65,7
6.400898611,1,1,0,22,2
6.404462778,7,10,0,85,4
6.407299167,2.5,1,0,86,7
6.409401667,4,4,1,65,10
6.412367222,5,5,1,59,13
6.417591111,2,1,1,77,9
6.4242575,4,1,0,96,7
6.42431,2,3,0,84,7
6.425264167,2,1,0,4,3
6.431386944,3,1,1,114,9
6.447815,2,1,0,97,7
6.449143889,4.5,2,0,109,1
6.456294167,4,3,1,14,11
6.458050278,1,1,1,51,13
6.471309167,1,1,1,86,13
6.471733056,2,1,0,8,7
6.473892778,3.5,4,0,44,2
6.474921944,2,1,0,69,4
6.479628611,4,5,0,73,6
6.480032778,1,4,1,51,14
6.487568056,2,4,0,76,2
6.502490278,4,1,0,52,5
6.502725278,5,1,1,122,10
6.504240278,2,6,0,72,4
6.508583056,6,5,0,80,6
6.518076111,2,1,1,37,12
6.540486111,1,1,1,111,12
6.542633056,4.5,3,1,65,12
6.560908611,6,3,1,32,9
6.581059444,5,1,1,42,14
6.594515833,6,4,0,106,6
6.612520556,2,2,1,34,8
6.622615833,2,1,1,8,12
6.622993889,5,6,0,18,2
6.625936389,5,3,1,80,8
6.634766944,2,1,1,13,9
6.639583889,5,4,1,55,10
6.640020833,1.5,2,1,10,8
6.644886944,3,4,0,92,5
6.646553056,4.5,2,0,109,4
6.658162778,1,5,0,1,2
6.665097222,2.5,1,1,126,10
6.669337778,1.5,1,0,26,5
6.671908333,5,3,0,80,2
6.6729925,1.5,1,0,75,7
6.677294444,4,4,0,26,2
6.686642222,1,1,1,8,8
6.702392778,5,1,0,65,4
6.702804167,1.5,2,1,36,8
6.705739167,5,6,1,5,12
6.707325278,4.5,3,0,56,2
6.7088975,2,1,0,49,7
6.711806389,3,1,1,126,9
6.726326111,3,5,1,73,12
6.736194167,4.5,6,1,115,14
6.737903056,5,3,0,58,4
6.741044444,4,3,1,53,10
6.745200556,1,1,0,81,6
6.746968333,1,1,0,90,4
6.752875,2,1,1,52,11
6.7582325,5,3,0,106,7
6.764909167,1,2,0,69,3
6.775210278,2,3,0,43,7
6.780057778,7,8,0,72,2
6.7853025,5.5,1,1,25,12
6.787678611,1,1,1,24,13
6.8018825,4,5,0,55,7
6.803375278,2.5,1,0,8,5
6.808793889,2,1,1,41,13
6.813577778,1.5,2,1,18,8
6.827141667,1,1,0,4,7
6.834901389,1,1,0,5,6
6.850457778,3,3,0,14,7
6.856957778,4,1,1,110,13
6.864278333,1,1,1,4,13
6.864396389,4,1,1,122,11
6.866844167,2.5,1,0,118,3
6.868246389,1,1,0,22,4
6.868967778,2.5,2,1,27,9
6.875540556,3.5,7,0,94,1
6.888009444,2,2,0,50,2
6.894516389,2,1,0,4,2
6.896186111,3.5,6,1,30,12
6.896920833,5.5,2,1,83,11
6.900552222,4,2,0,78,6
6.907531111,3,1,1,11,10
6.910148333,1,1,1,6,14
6.911543889,2,2,1,73,14
6.941146389,2.5,1,0,24,2
6.942694444,3,5,0,92,2
6.974680278,1,1,0,124,7
6.975175833,5,6,1,40,13
6.976641667,3,3,0,51,3
6.980790556,5,1,1,65,8
6.984095833,6,6,1,83,13
6.98581,2,6,1,13,12
6.988222222,3,7,0,35,5
6.995026944,5.5,2,1,83,12
7.000928056,2.5,2,0,17,6
7.007148056,1,1,1,22,8
7.009321944,6,4,0,83,5
7.010045278,6,3,1,80,12
7.012394444,3,1,0,47,5
7.014169444,4,1,1,112,14
7.020250278,4,3,0,84,3
7.021665556,6,7,1,71,10
7.026700833,1,1,0,118,6
7.027293611,1,1,1,37,13
7.036503611,4,3,0,102,4
7.041933333,4,1,1,109,9
7.047278889,4,1,0,67,5
7.053521944,7,8,0,12,1
7.055382222,4,5,1,55,11
7.056058611,4,6,0,102,2
7.0680575,3,2,0,39,5
7.073268333,4.5,2,1,18,14
7.087373333,2,2,0,5,3
7.090436111,3,3,1,32,10
7.097760278,5,7,1,5,11
7.099788611,6,3,1,16,11
7.102775556,4,1,1,11,8
7.115121389,2,3,1,66,14
7.115518611,5,4,0,117,5
7.116018889,2,1,0,86,4
7.122084722,4.5,3,1,51,11
7.124737778,2,3,0,61,5
7.132076667,3,5,0,92,3
7.136883889,5,1,1,114,12
7.147133333,1,2,1,75,13
7.153055278,2,2,0,77,7
7.153857778,6,3,0,106,4
7.156680278,1,1,1,81,9
7.163508333,4,6,0,65,2
7.166818889,1.5,5,0,78,7
7.174739444,1,7,1,72,12
7.176095,1,1,0,72,5
7.181924444,6,3,1,16,10
7.183253889,3,3,1,35,12
7.189724167,3.5,7,1,1,13
7.190825833,1,1,1,47,9
7.195966944,3,3,1,31,10
7.208074167,4,1,0,112,2
7.210700833,2,1,0,62,6
7.213280278,2,2,0,93,2
7.215221667,3.5,4,0,95,7
7.228151389,3.5,6,0,21,3
7.239827778,2,1,1,101,12
7.25269,4,7,0,59,6
7.253271944,2,2,1,43,11
7.260898611,1,1,0,4,6
7.263424722,3,1,1,106,11
7.280081944,1,1,1,118,9
7.280439722,1,1,0,6,4
7.285425556,1.5,2,0,78,5
7.2905725,4,4,1,5,13
7.294910833,1,1,1,62,9
7.298603333,4,1,0,47,7
7.300081667,5,7,0,59,2
7.318762222,5,1,1,119,14
7.321198056,5,2,1,15,8
7.321329444,2,2,0,110,1
7.322915833,4,6,0,70,3
7.324221389,1,1,0,5,4
7.331108889,1.5,2,0,57,3
7.338502778,3.5,8,0,111,1
7.342664722,2,1,1,101,10
7.349515556,3.5,3,0,78,1
7.353910278,3,3,1,35,10
7.362498056,5,4,1,18,13
7.365072222,1,1,1,8,9
7.367417778,5,5,0,70,4
7.369223333,5,2,1,16,9
7.371423889,1,4,0,9,1
7.371840833,4,6,1,1,14
7.380333333,1,1,1,24,14
7.381252778,1,1,1,49,14
7.386276389,5,4,1,55,9
7.386795556,3.5,4,1,70,13
7.387315556,1,6,0,9,3
7.394206667,6,6,0,117,3
7.395236944,5,3,0,76,7
7.400081389,4.5,3,1,18,11
7.409235833,1,1,1,72,9
7.411575833,3,2,0,109,3
7.412146944,4,1,0,122,6
7.412445278,3,7,1,11,9
7.413220556,2,1,1,54,12
7.424133056,1,1,1,28,11
7.436339167,1,1,0,26,4
7.4363775,1,1,1,69,11
7.442833611,1,4,1,111,10
7.446265556,5.5,1,1,42,10
7.446713889,6,1,1,119,13
7.450684722,5,1,1,80,9
7.452559444,3.5,4,0,78,2
7.456726944,5.5,7,1,59,14
7.4592,4,5,0,31,1
7.470664722,6,3,0,100,3
7.471343056,4,3,1,30,13
7.472545556,5.5,3,0,83,1
7.4793075,5,6,0,71,2
7.479643056,1,1,1,81,14
7.480100556,5,3,0,16,4
7.4865125,5,2,1,117,10
7.494368889,1.5,2,0,28,4
7.499758056,1,1,1,63,13
7.517946944,5,4,0,42,3
7.525883056,4,1,1,52,9
7.530313611,2,6,1,8,13
7.540929444,7,6,0,100,2
7.550624167,5.5,5,0,70,2
7.558550833,4.5,4,0,96,2
7.571083056,4,2,0,89,2
7.575554444,1,1,0,124,3
7.579758889,5.5,4,0,83,6
7.5840025,2,1,0,49,5
7.592879444,1,5,1,60,12
7.599397222,6,1,1,114,14
7.602591667,1,6,0,120,3
7.611129722,4,2,0,41,4
7.613696389,2.5,2,1,78,10
7.634070278,2,4,1,35,8
7.637539444,2,6,0,92,6
7.65266,5,3,1,32,14
7.654220556,2,1,1,26,8
7.654358333,1,5,0,69,2
7.654703333,5.5,4,1,121,10
7.657566111,1.5,3,1,74,10
7.658321667,3,2,0,17,7
7.659841111,5.5,3,0,91,3
7.667046111,4.5,1,0,42,7
7.667436667,3.5,1,1,126,8
7.674676389,4,5,1,10,14
7.674954444,1.5,4,0,30,6
7.675062222,2,2,1,13,8
7.680291111,4,4,1,47,11
7.689951667,1,1,0,22,5
7.70328,2.5,3,1,43,12
7.707711667,1,1,0,22,6
7.715067222,1,3,0,13,6
7.718399167,3,5,1,118,13
7.720353333,1,1,1,28,12
7.731854444,3,1,1,31,9
7.732905,5,4,0,91,7
7.734088056,1,1,1,124,12
7.736536667,1,1,1,86,8
7.736561111,6,7,0,97,4
7.746671389,5,6,1,58,9
7.758533056,5,2,1,44,10
7.767979444,4,2,0,65,6
7.7793625,1,3,0,69,7
7.787283889,3.5,3,1,17,9
7.791528889,4.5,5,0,98,3
7.791798056,1,4,1,51,10
7.804083889,4,5,0,87,6
7.810365556,4.5,5,1,58,12
7.8136475,2,1,1,33,9
7.818171944,2.5,1,1,126,11
7.820179167,1,1,1,49,10
7.824773333,5,1,1,25,9
7.831378333,1,4,1,120,14
7.843091944,1,1,1,123,10
7.848732222,7,1,1,123,11
7.853669167,4.5,1,0,97,5
7.856925556,3,1,0,89,4
7.85747,5.5,2,0,80,5
7.860260833,3,8,0,51,5
7.878031111,1,1,1,62,11
7.879897778,3.5,1,0,86,6
7.882357778,6.5,7,1,12,8
7.882636389,2,1,1,110,9
7.886369167,1.5,1,1,105,12
7.893362778,1,1,0,62,4
7.899787222,5,3,1,55,14
7.900359167,2.5,1,0,47,1
7.902160833,2,5,0,50,5
7.904782778,4.5,3,1,103,10
7.905018611,3.5,3,0,99,2
7.908493056,1,1,1,81,10
7.911331111,6.5,2,0,80,3
7.912090833,1,6,0,9,6
7.912938056,3,2,1,10,9
7.917255278,1,1,1,112,11
7.919290833,1,1,1,62,8
7.920531389,5,7,0,89,7
7.923754167,5,8,0,106,1
7.944217778,3.5,4,0,95,4
7.945978611,4.5,4,1,10,13
7.947373056,4,1,0,19,3
7.959954167,1,5,1,5,10
7.960216111,5,5,0,32,2
7.960503333,6,7,0,59,4
7.968173611,1,1,1,51,9
7.973201667,1,1,0,118,5
7.977062222,4,1,1,110,10
7.978503056,5,1,0,32,3
7.986625556,3,3,1,57,14
7.988472778,6,6,0,113,1
7.989408889,2.5,5,1,78,11
7.990377222,3,1,0,114,6
7.992046389,1,1,1,81,11
7.994716389,3.5,2,1,78,9
8.00176,4,2,0,32,4
8.00195,6,7,1,71,14
8.002121111,1,5,1,111,13
8.003486111,4,8,0,21,2
8.006920278,1,1,1,62,10
8.012630278,2,1,0,116,4
8.013493056,1,1,1,1,8
8.017321111,5,1,1,42,12
8.0190975,1,1,0,49,3
8.019168333,5,1,0,122,4
8.038753611,3,3,0,86,3
8.041386111,1,1,0,124,5
8.054868611,2,1,0,46,4
8.057615278,2,1,0,81,3
8.065237222,1,1,0,63,7
8.077219722,2,5,0,5,1
8.0814275,4,2,1,67,9
8.082815278,2.5,6,0,111,5
8.083257222,4,8,0,21,1
8.098005556,2.5,3,1,66,8
8.100308333,2,6,0,9,5
8.1066675,5.5,2,0,83,2
8.112114722,4,1,1,25,10
8.116400833,4,1,0,65,3
8.1199425,1,1,0,46,5
8.132723611,4,4,0,9,2
8.136790278,2.5,2,1,41,14
8.137841111,1,4,1,57,12
8.139561944,5,5,1,58,13
8.143473333,5,5,0,44,5
8.145469722,2.5,1,1,19,8
8.150272778,1,7,1,8,14
8.153593611,4,3,0,54,7
8.1556875,1,1,0,90,5
8.1580475,5,1,0,88,7
8.182718611,4,1,1,97,14
8.182821944,4.5,7,0,52,3
8.185117222,5,1,0,62,2
8.1885975,2.5,6,0,82,2
8.195782222,1,5,1,1,11
8.199126667,2.5,6,0,21,4
8.203600833,4.5,4,0,83,3
8.204952222,4,6,0,19,1
8.205437222,5,2,1,13,10
8.209392778,3.5,5,1,74,9
8.2103275,2,1,0,47,4
8.215008333,5,1,0,122,5
8.215201667,5.5,5,1,13,11
8.222827778,5,5,0,91,4
8.234996111,3,3,1,31,12
8.244145556,2,7,0,75,1
8.245329722,6.5,10,0,85,1
8.251458333,3,4,0,46,1
8.252385278,2,1,1,33,12
8.259787778,3,1,1,2,12
8.261358333,2,4,0,22,1
8.264926111,3,1,1,11,12
8.265199167,1,1,1,4,12
8.265372778,4,1,0,96,6
8.271546389,6,1,1,47,12
8.273228611,1,1,1,112,10
8.280974444,5,5,1,32,11
8.290785556,1,7,0,111,6
8.293244722,5,7,0,71,7
8.299389722,2,1,1,116,14
8.301610556,3,1,1,103,12
8.304972222,2,3,0,36,4
8.307976111,1.5,5,0,74,6
8.310105556,1,5,0,1,4
8.310243889,1,8,1,9,13
8.321831944,5.5,5,0,108,1
8.322304444,7,2,0,100,5
8.334099722,1,1,0,81,7
8.334503889,5.5,5,1,106,8
8.335465,4,3,1,83,9
8.341629444,2,3,0,61,2
8.355757778,3.5,2,0,73,2
8.364178333,1.5,1,0,28,5
8.366453056,4.5,1,1,42,9
8.371380556,4.5,1,1,42,11
8.376159167,6,7,1,27,13
8.379783611,5,4,1,16,12
8.387296944,6,6,0,59,1
8.387545,5,6,0,44,6
8.403765,5,4,1,32,8
8.404769167,6,6,1,22,14
8.412898333,6.5,7,1,85,10
8.418560278,1,1,0,62,5
8.424313333,2,2,0,61,4
8.428609167,2,7,0,75,3
8.437554167,3,5,1,118,14
8.438694444,1,7,0,72,3
8.446079722,3.5,7,0,44,4
8.450622222,3,3,0,101,2
8.466313611,5,3,1,22,13
8.466619444,1,1,0,4,5
8.478770556,4.5,3,0,91,5
8.480466389,1.5,6,1,74,13
8.483014167,5.5,1,0,30,2
8.485501667,6,4,1,91,13
8.493560833,4,4,1,31,14
8.513686111,3,4,0,44,3
8.521203889,1.5,5,1,57,9
8.525937222,6,7,0,59,5
8.528184722,1,1,1,54,11
8.529776389,5.5,7,0,70,5
8.529923056,6,6,0,27,3
8.532506389,1,1,1,72,8
8.535041389,4,3,0,41,6
8.537019444,4,6,1,76,9
8.537636944,3.5,5,1,78,14
8.53795,3.5,4,0,93,1
8.538455278,2,1,1,77,10
8.5438575,4,1,0,47,2
8.561714722,3,1,0,23,6
8.573508611,4.5,3,0,18,1
8.579122222,4.5,6,0,58,3
8.582613333,4,6,0,55,1
8.5831175,1,5,0,111,2
8.588606667,4,2,1,73,10
8.600539167,5,5,0,32,1
8.603433333,5,5,1,40,8
8.615668333,3,1,0,108,7
8.617659444,5,7,0,113,2
8.618806944,2,1,1,49,13
8.61938,3,3,0,51,4
8.621241389,4,3,1,32,13
8.623652222,1,1,1,33,14
8.630451111,5,1,0,122,2
8.640341111,2,3,0,49,2
8.641183056,6,4,0,16,6
8.647657222,4,6,0,11,4
8.662367778,4,2,0,57,1
8.668820278,5,1,0,11,6
8.677204167,3,3,1,29,13
8.678238333,2,1,0,62,7
8.680153611,6,8,0,41,2
8.682388889,1,1,0,47,3
8.686084444,1,3,0,53,7
8.703381389,5,6,0,48,2
8.704298056,3,9,0,103,2
8.706804444,1,1,1,69,10
8.70782,1,2,1,86,10
8.710610278,4,5,0,11,3
8.713268333,4,3,0,109,5
8.717038056,1,1,0,24,4
8.724120278,3,3,0,61,3
8.7242825,4,3,0,14,5
8.737635556,2,1,0,50,3
8.737956389,5.5,6,0,87,4
8.742217222,4,5,1,63,14
8.744612222,7,4,0,100,7
8.747520278,1,6,1,111,9
8.7504275,5,5,0,28,3
8.757371944,2,4,0,51,1
8.760179722,3,7,0,82,1
8.761238889,4,1,0,110,4
8.771351667,3,4,0,105,1
8.771454722,5,7,1,27,14
8.771944167,5,3,1,42,8
8.773189444,1,4,0,102,1
8.773857222,3,1,0,2,5
8.7853425,4,4,0,101,1
8.788091389,3,1,1,126,12
8.808551667,5,6,0,31,5
8.815370833,2,7,1,9,8
8.815866389,5,3,1,32,12
8.817768056,3,2,0,109,2
8.819375,4,1,1,53,9
8.8203625,3,6,0,2,6
8.82128,5.5,8,1,108,9
8.82198,2,2,0,13,4
8.834362778,4,3,0,14,6
8.839131667,2,1,1,54,10
8.840852778,1,1,1,124,8
8.853322222,3,1,0,86,5
8.857165556,1,3,0,103,7
8.863208889,1.5,1,1,123,13
8.8665675,1,1,1,46,12
8.878276389,2,6,1,120,9
8.882794722,4,1,1,76,13
8.8842775,4,6,0,32,6
8.885164444,4,5,0,55,2
8.890815,6,1,1,27,12
8.897080556,5,6,1,68,14
8.901433611,2,1,1,26,14
8.918139444,6,2,1,59,11
8.920150278,3,4,0,36,3
8.933732778,4,6,1,103,13
8.939228611,6,9,1,85,11
8.940924444,3,4,1,57,10
8.942809167,1,1,0,93,5
8.950035833,4.5,4,1,101,13
8.956196667,5,1,1,101,14
8.961797222,3,6,0,35,3
8.966392222,5.5,1,0,25,5
8.971898889,5.5,3,1,25,14
8.973485278,3,7,0,55,6
8.978372222,3,2,0,41,7
8.994313333,1.5,2,0,74,5
9.002029167,2,2,0,46,2
9.006141944,2,2,0,110,2
9.010449167,1,2,0,73,7
9.021930556,1,1,0,64,1
9.023603889,6,2,0,104,3
9.024604444,5,3,0,98,7
9.0322175,4,1,0,63,5
9.032274444,5,2,0,52,1
9.034243333,1,1,1,22,11
9.034630833,5.5,3,0,16,3
9.034881111,2,3,1,67,8
9.043961111,3,4,1,111,11
9.050353333,1,6,0,111,4
9.058055833,1.5,6,0,10,2
9.0593125,2,1,0,46,3
9.069223611,5,5,0,16,5
9.071911111,6.5,8,0,85,7
9.072244722,5,5,1,103,14
9.073958889,1.5,3,0,74,4
9.080435278,4,2,1,20,10
9.081409444,4,4,1,15,13
9.088033611,4,1,1,112,12
9.090859722,5.5,2,0,23,2
9.092627222,2,3,0,103,5
9.097397778,3,1,1,31,11
9.111664444,1,2,1,105,14
9.112220833,4,5,0,113,7
9.120011667,1,1,1,112,9
9.1257075,2,7,1,120,10
9.128260833,5.5,2,1,104,8
9.132738889,3,5,0,31,2
9.141433611,1,1,1,105,8
9.148141389,1,3,0,90,3
9.154651944,1,9,0,120,4
9.164026389,5,4,0,59,7
9.164738889,3.5,4,1,36,11
9.166301389,6,7,1,52,13
9.169625833,1,3,0,105,2
9.170380556,4.5,4,0,10,7
9.177565,6,6,1,100,11
9.178443056,5,6,0,40,6
9.187723889,1,5,1,5,8
9.188783056,1,1,0,46,6
9.192213611,5,6,0,40,4
9.200340833,5,1,0,127,5
9.214311944,1,1,1,54,13
9.214352222,5.5,6,1,56,12
9.236948889,3,4,0,36,5
9.238166667,2.5,6,0,103,4
9.239599444,3,1,0,114,5
9.242141111,4,4,0,55,3
9.2484225,1,1,1,123,9
9.254069444,3.5,2,0,53,1
9.254106667,2,3,1,101,11
9.255492222,3,2,1,97,9
9.255759722,4,2,1,59,8
9.256456944,5,4,0,16,2
9.260239167,5,7,0,63,2
9.269508889,5.5,1,1,104,11
9.288908056,3,1,1,102,10
9.291705556,2,1,1,50,9
9.295005278,5,5,1,68,8
9.313366389,6.5,8,1,85,9
9.313667222,2,2,0,90,2
9.313855833,4,7,1,21,14
9.315098611,6,5,0,54,3
9.317022222,1.5,1,1,38,12
9.318944444,4,3,1,66,11
9.337895,4.5,7,0,70,6
9.340805278,5.5,4,0,95,2
9.348128889,3.5,4,1,66,9
9.348391111,2.5,2,0,33,4
9.354913056,2.5,6,1,1,10
9.358499722,2,3,0,94,6
9.367683056,3,3,0,35,1
9.378875278,3,4,0,97,6
9.379551111,3,3,0,101,4
9.387452222,1,5,0,103,6
9.389621389,6,4,0,42,4
9.393910833,1,1,0,81,4
9.397847778,7,4,1,100,13
9.405949444,4.5,5,0,40,2
9.417295833,2,5,0,111,3
9.420330278,3,2,1,109,14
9.422709444,1,5,1,58,11
9.424837222,3,1,0,112,4
9.424943333,3.5,4,0,19,6
9.438820833,2,3,1,9,9
9.439768889,1,3,0,115,4
9.451197778,4,4,0,32,5
9.453298889,2,6,0,75,5
9.455335,4.5,1,0,52,2
9.461258889,1,2,1,36,9
9.470759722,1,5,1,111,8
9.474520833,2.5,1,1,27,10
9.489638333,3,8,1,9,11
9.490271111,3.5,1,1,52,10
9.492566667,1,1,0,123,1
9.498479722,5,6,0,121,7
9.530595833,5,4,1,68,13
9.541191389,4,3,0,89,3
9.554658889,4,1,1,126,13
9.560474444,3.5,9,0,119,1
9.578042222,3,1,0,96,5
9.582838611,5,5,0,117,6
9.596093333,1.5,5,0,10,3
9.603538333,1,1,0,64,6
9.607089167,4,5,1,66,13
9.607324722,4,3,1,14,13
9.612745556,1,1,0,124,4
9.617753333,2,3,0,57,5
9.63129,2,1,0,33,5
9.6314525,3,2,0,101,6
9.633068056,6.5,1,0,94,5
9.6350275,3,3,0,77,6
9.639091389,1.5,2,0,33,6
9.648275833,1,1,1,81,12
9.648582222,4.5,4,1,70,14
9.655184167,6,1,1,119,9
9.665345278,3,6,0,11,5
9.671856389,3,4,0,102,5
9.673355833,2,3,1,2,10
9.675652222,1,4,0,1,5
9.679861389,1,1,0,67,6
9.695178056,7,5,0,100,6
9.701697222,2,1,1,97,10
9.702899444,1.5,3,1,74,11
9.704268889,1.5,3,0,120,5
9.709152778,4,1,0,110,5
9.715479722,3,1,0,95,5
9.72162,4,7,0,63,3
9.732358889,2.5,6,1,7,14
9.749235278,2.5,2,0,87,7
9.750816111,2,2,0,60,1
9.751140556,4,4,0,27,4
9.751875556,1,6,0,1,3
9.755821111,5,3,1,16,13
9.765237222,5,1,1,67,14
9.769378889,4.5,2,0,23,1
9.771395,2,2,0,28,2
9.784861667,1,1,1,49,12
9.785484167,5,4,0,42,2
9.789848333,2,1,0,112,3
9.79955,3,1,1,2,11
9.800404444,4,2,0,62,1
9.802051944,3,6,0,51,2
9.807322778,3,3,0,50,1
9.809923333,4,6,0,55,4
9.812634722,4,7,0,15,1
9.823208056,1,1,1,46,13
9.823231667,5.5,8,1,108,13
9.829008333,3,1,0,52,6
9.830919167,7,4,1,100,14
9.838360278,5,4,0,58,2
9.839389722,6,4,0,42,5
9.841164722,2,1,1,116,13
9.84304,4.5,7,1,58,8
9.845266111,4.5,4,0,44,7
9.853074167,3.5,4,0,44,1
9.857913056,2,5,0,123,3
9.871070833,5.5,4,0,121,4
9.884274444,4,3,1,99,14
9.885336944,3,8,0,51,6
9.888049444,4,3,1,47,14
9.894714722,3.5,4,0,78,3
9.9012,5,5,0,106,3
9.905316667,4,1,1,110,12
9.907010833,4,1,1,127,9
9.913906667,3,1,0,60,2
9.917540833,4,1,0,62,3
9.926291111,7,9,0,85,6
9.927961944,1.5,2,0,74,7
9.929400278,1,7,0,9,7
9.932198611,3.5,4,0,47,6
9.943430833,6.5,1,0,119,5
9.952864167,4.5,5,1,58,10
9.952897222,4.5,3,0,19,2
9.95489,5.5,8,1,108,11
9.958963889,6.5,1,0,119,7
9.961271944,1,1,1,124,13
9.962245278,1,1,1,81,13
9.971580278,2,2,0,60,6
9.977890833,3,3,0,124,1
9.978604444,2,1,0,57,6
9.981821944,5,7,0,31,4
9.987795,4,5,0,89,6
9.987956944,4,2,1,109,11
10.00191056,5,5,0,58,1
10.00334194,5.5,2,0,13,1
10.00677972,1.5,2,1,57,8
10.01387028,1,1,1,22,9
10.017585,6,5,0,16,7
10.02956139,2,1,0,38,5
10.03262056,5,1,1,28,14
10.03549972,2,2,1,25,11
10.03664694,6,6,0,54,2
10.05427111,2,1,0,54,5
10.05558361,5,8,0,113,3
10.056405,4,1,1,15,9
10.0666025,5,7,1,113,13
10.0674125,2,1,0,22,3
10.07658667,2,1,0,49,4
10.07986278,1,1,1,69,14
10.10609694,4,1,1,110,14
10.10852139,2.5,4,0,18,7
10.12119389,1,4,0,105,4
10.12287139,3,1,1,11,11
10.12693111,4.5,7,1,113,12
10.13232306,4,1,1,127,13
10.13382611,5,1,0,53,5
10.14648389,3,2,0,99,6
10.14842389,4.5,5,0,40,1
10.152025,1,1,1,64,9
10.15661889,3.5,3,0,99,5
10.15967444,3.5,2,0,95,6
10.16153667,3.5,4,0,99,1
10.16292056,1,1,0,118,7
10.17059417,5.5,1,0,104,7
10.17529972,1,1,0,64,3
10.18090028,5,6,0,54,1
10.19562806,6,1,1,91,14
10.20255667,4,7,0,48,3
10.20302611,5.5,5,1,58,14
10.20397,5.5,2,0,119,3
10.20461694,2,1,1,81,8
10.20775306,1.5,2,0,74,2
10.21133444,4,3,1,14,9
10.2120625,4,3,1,59,10
10.21233944,4,1,0,122,7
10.21588056,3,1,0,116,2
10.21954778,2.5,3,0,36,7
10.22130278,5,2,1,104,14
10.2291025,4.5,5,0,25,6
10.23010444,3,1,0,114,4
10.23249194,3,2,0,20,5
10.23356861,1,2,0,105,7
10.23576528,1,6,1,9,10
10.24459028,5.5,1,0,119,4
10.24876861,5,3,0,58,5
10.26615972,2,7,0,103,1
10.27002694,6,1,1,67,13
10.27054639,3,1,1,20,8
10.27371583,1,4,0,72,6
10.28155528,5,4,0,98,6
10.2906375,4,1,1,63,8
10.29067139,1,2,0,64,2
10.29132222,5.5,4,0,98,4
10.29799083,4.5,2,1,18,10
10.31823583,1,1,0,49,6
10.32988417,5,1,0,23,7
10.33627611,5,4,1,103,9
10.33661278,4.5,4,0,49,1
10.37608056,4,3,0,10,6
10.38793944,1,1,1,46,10
10.39538833,5.5,6,0,114,3
10.39807972,5.5,8,0,42,1
10.40406417,1,1,1,124,10
10.40767417,6,8,0,59,3
10.41544472,3,2,1,29,9
10.41669833,2,2,0,57,4
10.41856667,1,1,1,105,9
10.41910028,5.5,3,1,121,12
10.42093167,5,4,0,14,2
10.42794667,5.5,1,0,25,7
10.43151333,5.5,5,0,18,5
10.43185361,5.5,3,1,121,11
10.43399056,1,1,1,102,14
10.43464778,1,1,1,62,12
10.43674083,1,1,1,112,13
10.43827639,3.5,1,1,67,10
10.44015361,1.5,2,1,74,14
10.45471889,1,1,0,1,6
10.47559139,1,1,1,105,11
10.47867389,3,1,0,52,4
10.47977389,1,1,1,123,12
10.48349833,4,1,0,114,7
10.48498722,1,7,0,72,7
10.48703056,2,1,0,67,7
10.48977361,3,1,1,123,14
10.49022472,4,3,1,15,10
10.49275056,4,5,1,59,12
10.50460528,1.5,4,1,74,12
10.50595139,4.5,8,0,108,4
10.50741722,1.5,2,1,75,9
10.51234389,3,5,0,21,6
10.52201306,6,2,1,16,8
10.52532944,6.5,1,0,119,6
10.5307025,2,5,1,54,14
10.53133194,4.5,6,0,18,6
10.53165833,5,10,0,85,3
10.53280444,2,1,1,116,9
10.53810972,5,4,1,15,14
10.53909306,2,1,1,28,9
10.54338417,6.5,1,1,119,10
10.55486306,4.5,1,1,67,11
10.55551,1,3,0,82,5
10.56264889,1,5,1,86,11
10.57270889,3,4,1,36,12
10.580795,2,6,1,27,8
10.58089528,2,3,0,48,7
10.58700278,2,3,1,115,13
10.58738444,2,1,1,102,9
10.60079833,1,1,1,62,14
10.60502611,5.5,7,0,108,2
10.605805,2,1,1,116,10
10.6085375,6,4,1,16,14
10.62308139,1,1,1,60,11
10.62413083,1,5,1,63,9
10.62594056,6,8,0,15,3
10.63064833,4,6,0,31,6
10.63563,1.5,1,1,28,10
10.63602611,5,3,0,14,4
10.63710889,3,2,0,101,7
10.64710917,4,1,1,114,11
10.65044444,2,1,0,116,5
10.65928194,4,1,0,88,3
10.65972528,5,4,1,20,11
10.66036028,1.5,2,1,36,13
10.66904917,5.5,3,0,29,7
10.67037833,2,1,1,116,11
10.67571444,2,7,0,75,2
10.68687,5.5,7,1,108,14
10.68865417,6,5,0,41,3
10.70052222,1,1,1,64,11
10.70547,6,5,1,47,13
10.70602444,1,1,1,123,8
10.71200611,3,5,0,35,6
10.71401333,3,4,0,63,4
10.71863028,2,2,1,33,8
10.72232306,3.5,3,0,37,3
10.73453222,4,4,0,54,4
10.73905194,1,5,0,10,1
10.74159722,1,5,0,123,2
10.75543111,3,6,0,27,2
10.75687083,5,6,0,2,3
10.75843361,7,3,0,100,1
10.76580111,6,4,0,63,1
10.76991139,6,6,0,95,3
10.77411611,1,1,1,64,14
10.78633722,2.5,3,1,57,11
10.78825472,4,1,0,3,2
10.79055639,1,1,1,64,10
10.79833306,1,1,1,69,13
10.80635889,4,6,0,54,6
10.80745528,2,2,0,104,1
10.80934194,4,4,1,127,10
10.83567472,1,1,1,110,11
10.84098694,4,4,0,15,5
10.84568667,5,2,0,126,1
10.84712583,5,3,1,91,10
10.84847917,3.5,6,0,7,6
10.86245,3,1,1,97,12
10.86528722,3,1,0,126,7
10.867165,4,3,0,104,2
10.89044917,4,2,1,127,14
10.89339694,2,4,0,50,4
10.89531222,1,1,0,4,4
10.90702167,2,2,1,60,14
10.90731306,5.5,2,0,108,5
10.91944083,1,6,0,103,3
10.94361639,4,5,0,15,4
10.94688,3,2,0,99,4
10.94930083,2,1,1,50,13
10.95853972,1,1,1,49,11
10.97179889,2,4,0,86,2
10.99737889,1,4,1,79,14
11.01132972,2,1,1,76,10
11.01200639,5,3,0,20,7
11.01542306,6,1,0,88,2
11.01714528,2,2,0,20,6
11.01839389,6.5,2,1,104,13
11.03789417,3.5,4,0,78,4
11.03799639,3.5,3,0,77,4
11.04848833,3.5,4,1,1,12
11.05507806,1,1,0,37,4
11.05566639,2,1,1,104,9
11.06820056,4.5,1,1,97,13
11.06831417,3,6,0,102,6
11.06852,1,1,1,124,11
11.06861,6.5,1,0,104,4
11.07023333,5,4,1,48,12
11.07890111,6.5,2,0,119,2
11.08788306,3,2,1,109,13
11.0895425,4,5,0,58,7
11.0895875,2.5,1,1,23,10
11.09830667,5,4,0,95,1
11.10494556,1,2,0,64,7
11.11004861,4,4,1,63,10
11.12364222,6,6,1,91,11
11.12586722,4,2,1,44,11
11.12724917,5,1,0,110,6
11.12868056,1.5,2,1,33,13
11.135585,2,2,0,33,7
11.14969444,3,4,0,102,7
11.15706,1,1,0,123,7
11.16336028,4,2,1,63,12
11.16632806,1,1,1,60,8
11.18029806,4,4,1,14,10
11.18265556,2,1,0,52,7
11.18373194,4.5,2,1,99,13
11.1976825,2.5,4,0,36,6
11.20681083,3,1,1,101,9
11.20732972,1.5,1,0,57,7
11.20971167,5,6,1,31,13
11.21140667,3,2,0,20,4
11.22261806,1,1,0,69,1
11.23957361,2,1,1,33,10
11.23967944,4,1,0,63,6
11.24565222,4.5,2,0,3,1
11.25342583,6.5,1,0,88,5
11.25537889,3,2,0,109,6
11.26197028,5,3,1,18,12
11.26595306,1,4,1,79,12
11.27088167,3,1,0,116,1
11.27141667,4.5,1,0,126,5
11.28308333,5,3,1,20,9
11.32123694,1,1,1,46,14
11.32186139,1,6,0,123,6
11.33569472,5.5,5,0,121,2
11.33630028,3.5,1,1,126,14
11.34121139,4,5,1,40,12
11.36773056,4.5,8,0,108,3
11.372325,2,1,1,50,11
11.37624833,5,1,0,27,5
11.38475778,5,5,0,70,7
11.3848275,5,1,0,114,2
11.40105861,4,1,0,23,5
11.42626056,4,6,0,15,2
11.42747333,5,4,0,40,5
11.45042972,3,1,1,35,13
11.45653972,1,1,0,24,6
11.46152083,3,3,1,103,11
11.46515028,4,2,1,15,11
11.48216667,2,1,0,116,7
11.48284111,4,3,1,10,12
11.49459083,7,3,1,100,10
11.50612667,6,9,0,113,4
11.54319722,4.5,2,1,99,10
11.55805083,6,6,1,71,12
11.56564861,6,5,0,104,6
11.57087167,5,4,0,58,6
11.58673611,5,4,1,68,12
11.59210694,5,3,1,76,12
11.59976444,2.5,1,0,38,4
11.60122972,2,3,1,50,10
11.60152444,4,1,0,71,4
11.60448639,1,1,1,124,9
11.62011556,5,3,0,104,5
11.63816167,5,5,1,68,11
11.63834778,4,7,0,79,1
11.64587917,3,1,0,88,6
11.66562083,2,8,1,48,14
11.66662,1.5,4,0,82,4
11.68544639,3,4,0,18,3
11.69561611,2,2,1,75,8
11.69576194,5.5,1,1,104,12
11.70378639,3,2,0,116,3
11.71423722,2,3,1,61,14
11.72932611,4,4,1,14,12
11.74307472,2.5,1,0,33,2
11.7440675,2,2,0,1,1
11.74777444,5,1,0,127,6
11.75121694,3.5,1,1,28,8
11.75222222,2.5,5,0,82,3
11.7586125,5,6,1,20,12
11.77079194,5.5,3,1,29,8
11.77132556,2,1,1,33,11
11.77154083,6,5,0,41,5
11.77901667,3.5,5,0,31,7
11.77973611,5.5,2,1,100,8
11.79009667,4.5,5,1,76,14
11.81788389,3,4,1,14,14
11.83166,5.5,1,1,104,10
11.86476472,3,3,0,89,5
11.8685825,1,1,0,124,6
11.89215306,4,1,1,127,8
11.90340806,4,2,0,20,1
11.90836417,4,2,1,127,12
11.91923889,1,2,1,82,11
11.91941583,2,5,1,7,11
11.92471333,3,2,1,29,12
11.92745944,4,5,0,15,6
11.93367306,3,1,0,3,7
11.94362139,3,6,0,35,4
11.94371111,2,1,1,50,12
11.95584611,1,1,1,38,14
11.96464278,3,8,0,35,2
11.96968639,5,1,1,67,12
12.00056917,4.5,3,0,89,1
12.03590694,4,4,0,48,4
12.06319056,5,4,0,16,1
12.08920389,1.5,4,0,74,3
12.09141833,4,5,0,96,3
12.09600889,5.5,1,1,114,13
12.09923167,4,2,1,109,12
12.10375861,6,6,0,121,3
12.10480556,6,5,1,91,9
12.11345583,5,4,0,2,1
12.11919361,2,6,0,50,6
12.13238139,1.5,1,1,64,8
12.14269389,5.5,7,0,121,1
12.15404306,5,6,0,91,6
12.18384083,1,5,0,105,3
12.21738361,3,3,1,2,14
12.2264825,1,3,0,27,6
12.22690528,1,1,0,60,7
12.23577972,2.5,1,1,29,11
12.23690528,5.5,3,1,56,10
12.24249361,7,6,1,100,12
12.24581806,3,7,1,21,13
12.24878972,1,1,0,1,7
12.25571667,2,4,0,36,1
12.27911028,5.5,5,0,121,6
12.27944111,1,2,1,82,14
12.29883611,4,3,0,101,5
12.30138083,4.5,3,0,19,5
12.32402667,1,3,0,82,6
12.3406675,6.5,4,0,41,1
12.35513944,3.5,4,0,2,4
12.36039722,3.5,2,1,73,9
12.36463417,4,1,1,127,11
12.38245361,4,1,0,126,3
12.38908583,5.5,1,0,27,7
12.39848889,2,5,0,79,2
12.44274917,2,3,0,60,5
12.45029361,3,6,1,35,9
12.48960417,1,1,1,124,14
12.49319389,4,4,0,112,1
12.49900778,5.5,3,0,108,6
12.50641556,6,3,1,100,9
12.50930306,2.5,2,0,33,1
12.5364925,5,3,1,20,14
12.54994667,1,1,1,105,10
12.55067222,4.5,6,1,27,11
12.55216889,2,3,0,48,6
12.55401611,3,1,1,102,8
12.55857861,2,2,0,60,4
12.56025389,3.5,5,1,57,13
12.57975833,1,1,0,64,5
12.58634806,5,2,0,88,1
12.59008389,2,2,1,48,13
12.6005525,4,1,1,23,14
12.61257639,4,4,0,127,1
12.62091611,6,4,0,48,1
12.62166,3.5,2,0,23,4
12.63202278,1.5,2,1,36,14
12.64349194,4.5,6,1,56,14
12.64489417,5,4,0,77,5
12.65888417,5,4,0,98,5
12.68626139,1,8,1,79,13
12.71557444,6.5,6,0,25,2
12.72897722,1,4,1,79,9
12.7345275,4,4,0,90,6
12.74004333,4,3,0,99,3
12.76555056,1,1,1,82,13
12.77029722,5,6,0,31,3
12.77765056,6,9,1,85,14
12.79211389,3,4,0,21,5
12.82444417,1,1,0,64,4
12.83252444,4,4,0,53,4
12.83543889,2,4,0,75,6
12.85328056,6,1,1,53,11
12.85648722,4.5,1,1,29,10
12.87638194,6,1,0,88,4
12.89299694,3,1,0,116,6
12.90760111,5,4,0,14,3
12.91549139,4,1,0,53,6
12.91943306,2,1,1,38,8
12.93282778,1,3,0,105,6
12.99923111,1,2,1,82,10
13.01931222,1,3,1,1,9
13.04855639,5,3,0,110,3
13.04943167,5.5,9,0,85,5
13.093835,4,5,0,2,2
13.10313861,1,7,1,69,12
13.11485167,2.5,1,1,29,14
13.11900139,1.5,2,1,18,9
13.16119583,5.5,8,0,125,1
13.18692278,3,8,1,103,8
13.19675028,5.5,6,0,25,1
13.21065,3.5,1,1,23,11
13.21764583,2,5,1,48,10
13.22104306,3.5,1,1,23,13
13.245005,2,1,1,101,8
13.27183722,2,3,1,2,13
13.2738125,1,5,0,112,6
13.32490528,1,2,1,82,12
13.3721325,1,5,1,79,8
13.38729111,4,2,0,127,4
13.39525806,6,9,1,85,12
13.424125,1.5,2,1,36,10
13.42487472,1.5,3,1,105,13
13.44525639,2,3,1,7,12
13.47969472,3,4,0,35,7
13.53135917,5,1,0,18,4
13.54618278,4.5,3,0,14,1
13.56781472,3,1,1,3,8
13.57602194,5,6,0,7,5
13.59158417,4,6,0,113,5
13.6033975,1,1,1,64,12
13.6201925,3.5,3,1,76,11
13.64443444,1.5,1,1,38,9
13.65774833,2,6,1,48,11
13.66916111,1,8,0,79,7
13.72927111,3.5,3,1,121,14
13.73673528,1,6,1,63,11
13.79685972,1,4,1,79,11
13.81090361,3.5,1,0,126,2
13.84504528,4,2,0,127,2
13.91784139,4.5,4,0,7,2
13.92982778,5,4,1,40,9
13.95335917,1,2,1,82,9
13.96648361,5,5,0,7,3
13.99092583,4,2,0,127,7
14.00894333,1,3,0,82,7
14.049125,4,1,1,23,12
14.07062833,2,1,1,116,12
14.11075194,4,3,0,29,1
14.12274,3,1,0,3,4
14.17289694,4.5,4,0,11,1
14.22225694,2.5,1,0,38,7
14.23515472,3,3,0,60,3
14.26145611,4.5,3,0,29,4
14.274505,6,7,1,125,8
14.29405222,3,3,0,127,3
14.30011583,2,3,0,33,3
14.31357361,6,4,0,7,4
14.33186361,5,1,1,3,12
14.33390556,4,6,0,96,1
14.33923694,5,7,1,68,10
14.35509694,6,6,1,91,12
14.36005694,3,3,0,20,3
14.39318056,4,2,1,14,8
14.44406028,4.5,2,1,7,8
14.45279667,3,7,1,52,14
14.49272333,5,2,1,121,9
14.52258361,5.5,4,0,7,7
14.56799722,4,1,1,3,14
14.58256917,2.5,3,1,121,13
14.60114389,3,1,1,109,10
14.60657056,3,3,1,3,11
14.61223222,5.5,5,1,56,9
14.78769056,5,4,1,68,9
14.80560056,3.5,3,1,45,9
14.81124833,4,1,1,23,8
14.82917333,3,1,1,23,9
14.92074389,5.5,7,1,108,12
14.92345139,2.5,7,0,79,3
14.93875194,5,8,0,125,2
14.97282222,3,6,0,48,5
15.01466417,4,7,0,79,5
15.01949556,2,1,0,2,7
15.05301111,6,9,0,125,3
15.11140722,4.5,1,0,126,4
15.15595611,1.5,1,1,38,10
15.23468778,4,1,0,11,7
15.24218694,1,3,1,82,8
15.24574944,6.5,9,1,85,13
15.25044222,1,6,0,105,5
15.25241722,4.5,4,0,45,3
15.26619056,2.5,5,0,38,3
15.27931806,3,3,0,3,6
15.32974361,4,1,0,96,4
15.50917194,1,4,0,79,6
15.5336325,4,1,0,126,6
15.61612556,4.5,2,1,99,9
15.65107833,1,4,1,79,10
15.71017111,5.5,5,1,56,8
15.75482778,3,2,0,20,2
15.89306083,4,1,1,3,13
16.06098694,5,6,0,68,5
16.1769525,5,1,1,53,13
16.27115389,4,2,1,99,11
16.27794361,3,1,0,3,5
16.481665,5.5,8,0,38,6
16.48389694,3.5,4,0,56,7
16.4866275,4,7,0,79,4
16.74698361,1,1,1,86,12
16.78915472,4.5,5,0,38,2
16.83743417,7,9,0,125,4
16.86285167,7,10,1,125,14
16.92486917,6,6,1,125,9
16.93504917,1,4,0,53,2
17.00170944,6,9,0,125,5
17.2249525,2.5,5,0,36,2
17.26235139,5.5,6,0,56,6
17.47176306,5.5,4,0,121,5
17.51637222,5,2,1,7,10
